time,exe,host,pid_count,pid_finder,result,result_code,running
2023-01-12T17:51:30Z,coin-,1681269718-80690-Windows_11_22H2,0,native,success,0,0
2023-01-12T17:51:41Z,coin-,1681269718-80690-Windows_11_22H2,0,native,success,0,0
2023-01-12T17:51:52Z,coin-,1681269718-80690-Windows_11_22H2,0,native,success,0,0
2023-01-12T17:52:01Z,coin-,1681269718-80690-Windows_11_22H2,0,native,success,0,0
2023-01-12T17:52:11Z,coin-,1681269718-80690-Windows_11_22H2,0,native,success,0,0
2023-01-12T17:52:22Z,coin-,1681269718-80690-Windows_11_22H2,0,native,success,0,0
2023-01-12T17:52:31Z,coin-,1681269718-80690-Windows_11_22H2,0,native,success,0,0
2023-01-12T17:52:41Z,coin-,1681269718-80690-Windows_11_22H2,0,native,success,0,0
2023-01-12T17:52:51Z,coin-,1681269718-80690-Windows_11_22H2,0,native,success,0,0
2023-01-12T17:53:01Z,coin-,1681269718-80690-Windows_11_22H2,0,native,success,0,0
2023-01-12T17:53:11Z,coin-,1681269718-80690-Windows_11_22H2,0,native,success,0,0
2023-01-12T17:53:20Z,coin-,1681269718-80690-Windows_11_22H2,0,native,success,0,0
