time,exe,host,pid_count,pid_finder,result,result_code,running
2023-01-07T23:55:41Z,coin-,1681184973-43521-Windows_11_22H2,0,native,success,0,0
2023-01-07T23:55:51Z,coin-,1681184973-43521-Windows_11_22H2,0,native,success,0,0
2023-01-07T23:56:00Z,coin-,1681184973-43521-Windows_11_22H2,0,native,success,0,0
2023-01-07T23:56:10Z,coin-,1681184973-43521-Windows_11_22H2,0,native,success,0,0
2023-01-07T23:56:21Z,coin-,1681184973-43521-Windows_11_22H2,0,native,success,0,0
2023-01-07T23:56:31Z,coin-,1681184973-43521-Windows_11_22H2,0,native,success,0,0
2023-01-07T23:56:40Z,coin-,1681184973-43521-Windows_11_22H2,0,native,success,0,0
2023-01-07T23:56:51Z,coin-,1681184973-43521-Windows_11_22H2,0,native,success,0,0
2023-01-07T23:57:00Z,coin-,1681184973-43521-Windows_11_22H2,0,native,success,0,0
2023-01-07T23:57:10Z,coin-,1681184973-43521-Windows_11_22H2,0,native,success,0,0
2023-01-07T23:57:20Z,coin-,1681184973-43521-Windows_11_22H2,0,native,success,0,0
2023-01-07T23:57:30Z,coin-,1681184973-43521-Windows_11_22H2,0,native,success,0,0
2023-01-07T23:57:41Z,coin-,1681184973-43521-Windows_11_22H2,0,native,success,0,0
