time,exe,host,pid_count,pid_finder,result,result_code,running
2023-01-12T05:12:31Z,coin-,1681269718-65800-Windows_11_22H2,0,native,success,0,0
2023-01-12T05:12:40Z,coin-,1681269718-65800-Windows_11_22H2,0,native,success,0,0
2023-01-12T05:12:51Z,coin-,1681269718-65800-Windows_11_22H2,0,native,success,0,0
2023-01-12T05:13:01Z,coin-,1681269718-65800-Windows_11_22H2,0,native,success,0,0
2023-01-12T05:13:11Z,coin-,1681269718-65800-Windows_11_22H2,0,native,success,0,0
2023-01-12T05:13:21Z,coin-,1681269718-65800-Windows_11_22H2,0,native,success,0,0
2023-01-12T05:13:31Z,coin-,1681269718-65800-Windows_11_22H2,0,native,success,0,0
2023-01-12T05:13:40Z,coin-,1681269718-65800-Windows_11_22H2,0,native,success,0,0
2023-01-12T05:13:51Z,coin-,1681269718-65800-Windows_11_22H2,0,native,success,0,0
2023-01-12T05:14:00Z,coin-,1681269718-65800-Windows_11_22H2,0,native,success,0,0
2023-01-12T05:14:11Z,coin-,1681269718-65800-Windows_11_22H2,0,native,success,0,0
2023-01-12T05:14:20Z,coin-,1681269718-65800-Windows_11_22H2,0,native,success,0,0
