time,exe,host,pid_count,pid_finder,result,result_code,running
2023-01-02T03:09:50Z,coin-,1680445106-383784-Windows_10_22H2,0,native,success,0,0
2023-01-02T03:10:00Z,coin-,1680445106-383784-Windows_10_22H2,0,native,success,0,0
2023-01-02T03:10:10Z,coin-,1680445106-383784-Windows_10_22H2,0,native,success,0,0
2023-01-02T03:10:20Z,coin-,1680445106-383784-Windows_10_22H2,0,native,success,0,0
2023-01-02T03:10:30Z,coin-,1680445106-383784-Windows_10_22H2,0,native,success,0,0
2023-01-02T03:10:40Z,coin-,1680445106-383784-Windows_10_22H2,0,native,success,0,0
2023-01-02T03:10:50Z,coin-,1680445106-383784-Windows_10_22H2,0,native,success,0,0
2023-01-02T03:11:00Z,coin-,1680445106-383784-Windows_10_22H2,0,native,success,0,0
2023-01-02T03:11:10Z,coin-,1680445106-383784-Windows_10_22H2,0,native,success,0,0
2023-01-02T03:11:20Z,coin-,1680445106-383784-Windows_10_22H2,0,native,success,0,0
2023-01-02T03:11:30Z,coin-,1680445106-383784-Windows_10_22H2,0,native,success,0,0
2023-01-02T03:11:40Z,coin-,1680445106-383784-Windows_10_22H2,0,native,success,0,0
