time,exe,host,pid_count,pid_finder,result,result_code,running
2023-01-04T03:08:30Z,coin-,1681077439-40985-Windows_10_22H2,0,native,success,0,0
2023-01-04T03:08:40Z,coin-,1681077439-40985-Windows_10_22H2,0,native,success,0,0
2023-01-04T03:08:50Z,coin-,1681077439-40985-Windows_10_22H2,0,native,success,0,0
2023-01-04T03:09:00Z,coin-,1681077439-40985-Windows_10_22H2,0,native,success,0,0
2023-01-04T03:09:10Z,coin-,1681077439-40985-Windows_10_22H2,0,native,success,0,0
2023-01-04T03:09:20Z,coin-,1681077439-40985-Windows_10_22H2,0,native,success,0,0
2023-01-04T03:09:30Z,coin-,1681077439-40985-Windows_10_22H2,0,native,success,0,0
2023-01-04T03:09:40Z,coin-,1681077439-40985-Windows_10_22H2,0,native,success,0,0
2023-01-04T03:09:50Z,coin-,1681077439-40985-Windows_10_22H2,0,native,success,0,0
2023-01-04T03:10:00Z,coin-,1681077439-40985-Windows_10_22H2,0,native,success,0,0
2023-01-04T03:10:10Z,coin-,1681077439-40985-Windows_10_22H2,0,native,success,0,0
2023-01-04T03:10:20Z,coin-,1681077439-40985-Windows_10_22H2,0,native,success,0,0
