time,exe,host,pid_count,pid_finder,result,result_code,running
2023-01-10T00:05:30Z,coin-,1681269718-15975-Windows_11_22H2,0,native,success,0,0
2023-01-10T00:05:40Z,coin-,1681269718-15975-Windows_11_22H2,0,native,success,0,0
2023-01-10T00:05:50Z,coin-,1681269718-15975-Windows_11_22H2,0,native,success,0,0
2023-01-10T00:06:01Z,coin-,1681269718-15975-Windows_11_22H2,0,native,success,0,0
2023-01-10T00:06:11Z,coin-,1681269718-15975-Windows_11_22H2,0,native,success,0,0
2023-01-10T00:06:20Z,coin-,1681269718-15975-Windows_11_22H2,0,native,success,0,0
2023-01-10T00:06:31Z,coin-,1681269718-15975-Windows_11_22H2,0,native,success,0,0
2023-01-10T00:06:40Z,coin-,1681269718-15975-Windows_11_22H2,0,native,success,0,0
2023-01-10T00:06:51Z,coin-,1681269718-15975-Windows_11_22H2,0,native,success,0,0
2023-01-10T00:07:00Z,coin-,1681269718-15975-Windows_11_22H2,0,native,success,0,0
2023-01-10T00:07:10Z,coin-,1681269718-15975-Windows_11_22H2,0,native,success,0,0
2023-01-10T00:07:20Z,coin-,1681269718-15975-Windows_11_22H2,0,native,success,0,0
