time,exe,host,pid_count,pid_finder,result,result_code,running
2023-01-17T04:23:30Z,coin-,1681269718-147134-Windows_11_22H2,0,native,success,0,0
2023-01-17T04:23:41Z,coin-,1681269718-147134-Windows_11_22H2,0,native,success,0,0
2023-01-17T04:23:50Z,coin-,1681269718-147134-Windows_11_22H2,0,native,success,0,0
2023-01-17T04:24:01Z,coin-,1681269718-147134-Windows_11_22H2,0,native,success,0,0
2023-01-17T04:24:11Z,coin-,1681269718-147134-Windows_11_22H2,0,native,success,0,0
2023-01-17T04:24:20Z,coin-,1681269718-147134-Windows_11_22H2,0,native,success,0,0
2023-01-17T04:24:31Z,coin-,1681269718-147134-Windows_11_22H2,0,native,success,0,0
2023-01-17T04:24:41Z,coin-,1681269718-147134-Windows_11_22H2,0,native,success,0,0
2023-01-17T04:24:50Z,coin-,1681269718-147134-Windows_11_22H2,0,native,success,0,0
2023-01-17T04:25:00Z,coin-,1681269718-147134-Windows_11_22H2,0,native,success,0,0
2023-01-17T04:25:10Z,coin-,1681269718-147134-Windows_11_22H2,0,native,success,0,0
2023-01-17T04:25:21Z,coin-,1681269718-147134-Windows_11_22H2,0,native,success,0,0
2023-01-17T04:25:30Z,coin-,1681269718-147134-Windows_11_22H2,0,native,success,0,0
