time,exe,host,pid_count,pid_finder,result,result_code,running
2023-01-17T08:45:30Z,coin-,1681269718-154569-Windows_11_22H2,0,native,success,0,0
2023-01-17T08:45:40Z,coin-,1681269718-154569-Windows_11_22H2,0,native,success,0,0
2023-01-17T08:45:51Z,coin-,1681269718-154569-Windows_11_22H2,0,native,success,0,0
2023-01-17T08:46:01Z,coin-,1681269718-154569-Windows_11_22H2,0,native,success,0,0
2023-01-17T08:46:11Z,coin-,1681269718-154569-Windows_11_22H2,0,native,success,0,0
2023-01-17T08:46:21Z,coin-,1681269718-154569-Windows_11_22H2,0,native,success,0,0
2023-01-17T08:46:31Z,coin-,1681269718-154569-Windows_11_22H2,0,native,success,0,0
2023-01-17T08:46:40Z,coin-,1681269718-154569-Windows_11_22H2,0,native,success,0,0
2023-01-17T08:46:51Z,coin-,1681269718-154569-Windows_11_22H2,0,native,success,0,0
2023-01-17T08:47:01Z,coin-,1681269718-154569-Windows_11_22H2,0,native,success,0,0
2023-01-17T08:47:10Z,coin-,1681269718-154569-Windows_11_22H2,0,native,success,0,0
2023-01-17T08:47:21Z,coin-,1681269718-154569-Windows_11_22H2,0,native,success,0,0
