time,exe,host,pid_count,pid_finder,result,result_code,running
2023-01-17T16:53:20Z,coin-,1681269718-165227-Windows_11_22H2,0,native,success,0,0
2023-01-17T16:53:30Z,coin-,1681269718-165227-Windows_11_22H2,0,native,success,0,0
2023-01-17T16:53:40Z,coin-,1681269718-165227-Windows_11_22H2,0,native,success,0,0
2023-01-17T16:53:51Z,coin-,1681269718-165227-Windows_11_22H2,0,native,success,0,0
2023-01-17T16:54:01Z,coin-,1681269718-165227-Windows_11_22H2,0,native,success,0,0
2023-01-17T16:54:10Z,coin-,1681269718-165227-Windows_11_22H2,0,native,success,0,0
2023-01-17T16:54:21Z,coin-,1681269718-165227-Windows_11_22H2,0,native,success,0,0
2023-01-17T16:54:30Z,coin-,1681269718-165227-Windows_11_22H2,0,native,success,0,0
2023-01-17T16:54:40Z,coin-,1681269718-165227-Windows_11_22H2,0,native,success,0,0
2023-01-17T16:54:50Z,coin-,1681269718-165227-Windows_11_22H2,0,native,success,0,0
2023-01-17T16:55:00Z,coin-,1681269718-165227-Windows_11_22H2,0,native,success,0,0
2023-01-17T16:55:10Z,coin-,1681269718-165227-Windows_11_22H2,0,native,success,0,0
