time,exe,host,pid_count,pid_finder,result,result_code,running
2023-01-17T10:28:11Z,coin-,1681269718-157985-Windows_11_22H2,0,native,success,0,0
2023-01-17T10:28:20Z,coin-,1681269718-157985-Windows_11_22H2,0,native,success,0,0
2023-01-17T10:28:32Z,coin-,1681269718-157985-Windows_11_22H2,0,native,success,0,0
2023-01-17T10:28:41Z,coin-,1681269718-157985-Windows_11_22H2,0,native,success,0,0
2023-01-17T10:28:51Z,coin-,1681269718-157985-Windows_11_22H2,0,native,success,0,0
2023-01-17T10:29:01Z,coin-,1681269718-157985-Windows_11_22H2,0,native,success,0,0
2023-01-17T10:29:10Z,coin-,1681269718-157985-Windows_11_22H2,0,native,success,0,0
2023-01-17T10:29:21Z,coin-,1681269718-157985-Windows_11_22H2,0,native,success,0,0
2023-01-17T10:29:30Z,coin-,1681269718-157985-Windows_11_22H2,0,native,success,0,0
2023-01-17T10:29:40Z,coin-,1681269718-157985-Windows_11_22H2,0,native,success,0,0
2023-01-17T10:29:50Z,coin-,1681269718-157985-Windows_11_22H2,0,native,success,0,0
2023-01-17T10:30:01Z,coin-,1681269718-157985-Windows_11_22H2,0,native,success,0,0
