time,exe,host,pid_count,pid_finder,result,result_code,running
2023-01-17T19:55:50Z,coin-,1681269718-170026-Windows_11_22H2,0,native,success,0,0
2023-01-17T19:56:00Z,coin-,1681269718-170026-Windows_11_22H2,0,native,success,0,0
2023-01-17T19:56:11Z,coin-,1681269718-170026-Windows_11_22H2,0,native,success,0,0
2023-01-17T19:56:20Z,coin-,1681269718-170026-Windows_11_22H2,0,native,success,0,0
2023-01-17T19:56:30Z,coin-,1681269718-170026-Windows_11_22H2,0,native,success,0,0
2023-01-17T19:56:40Z,coin-,1681269718-170026-Windows_11_22H2,0,native,success,0,0
2023-01-17T19:56:50Z,coin-,1681269718-170026-Windows_11_22H2,0,native,success,0,0
2023-01-17T19:57:00Z,coin-,1681269718-170026-Windows_11_22H2,0,native,success,0,0
2023-01-17T19:57:10Z,coin-,1681269718-170026-Windows_11_22H2,0,native,success,0,0
2023-01-17T19:57:20Z,coin-,1681269718-170026-Windows_11_22H2,0,native,success,0,0
2023-01-17T19:57:30Z,coin-,1681269718-170026-Windows_11_22H2,0,native,success,0,0
2023-01-17T19:57:41Z,coin-,1681269718-170026-Windows_11_22H2,0,native,success,0,0
