time,exe,host,pid_count,pid_finder,result,result_code,running
2023-01-17T18:06:40Z,coin-,1681269718-166789-Windows_11_22H2,0,native,success,0,0
2023-01-17T18:06:50Z,coin-,1681269718-166789-Windows_11_22H2,0,native,success,0,0
2023-01-17T18:07:00Z,coin-,1681269718-166789-Windows_11_22H2,0,native,success,0,0
2023-01-17T18:07:10Z,coin-,1681269718-166789-Windows_11_22H2,0,native,success,0,0
2023-01-17T18:07:20Z,coin-,1681269718-166789-Windows_11_22H2,0,native,success,0,0
2023-01-17T18:07:30Z,coin-,1681269718-166789-Windows_11_22H2,0,native,success,0,0
2023-01-17T18:07:41Z,coin-,1681269718-166789-Windows_11_22H2,0,native,success,0,0
2023-01-17T18:07:50Z,coin-,1681269718-166789-Windows_11_22H2,0,native,success,0,0
2023-01-17T18:08:00Z,coin-,1681269718-166789-Windows_11_22H2,0,native,success,0,0
2023-01-17T18:08:10Z,coin-,1681269718-166789-Windows_11_22H2,0,native,success,0,0
2023-01-17T18:08:20Z,coin-,1681269718-166789-Windows_11_22H2,0,native,success,0,0
2023-01-17T18:08:32Z,coin-,1681269718-166789-Windows_11_22H2,0,native,success,0,0
