time,exe,host,pid_count,pid_finder,result,result_code,running
2023-01-17T21:53:31Z,coin-,1681269718-173885-Windows_11_22H2,0,native,success,0,0
2023-01-17T21:53:40Z,coin-,1681269718-173885-Windows_11_22H2,0,native,success,0,0
2023-01-17T21:53:50Z,coin-,1681269718-173885-Windows_11_22H2,0,native,success,0,0
2023-01-17T21:54:01Z,coin-,1681269718-173885-Windows_11_22H2,0,native,success,0,0
2023-01-17T21:54:11Z,coin-,1681269718-173885-Windows_11_22H2,0,native,success,0,0
2023-01-17T21:54:21Z,coin-,1681269718-173885-Windows_11_22H2,0,native,success,0,0
2023-01-17T21:54:30Z,coin-,1681269718-173885-Windows_11_22H2,0,native,success,0,0
2023-01-17T21:54:40Z,coin-,1681269718-173885-Windows_11_22H2,0,native,success,0,0
2023-01-17T21:54:50Z,coin-,1681269718-173885-Windows_11_22H2,0,native,success,0,0
2023-01-17T21:55:01Z,coin-,1681269718-173885-Windows_11_22H2,0,native,success,0,0
2023-01-17T21:55:11Z,coin-,1681269718-173885-Windows_11_22H2,0,native,success,0,0
2023-01-17T21:55:21Z,coin-,1681269718-173885-Windows_11_22H2,0,native,success,0,0
