time,exe,host,pid_count,pid_finder,result,result_code,running
2023-01-13T12:16:00Z,coin-,1681269718-96743-Windows_10_22H2,0,native,success,0,0
2023-01-13T12:16:10Z,coin-,1681269718-96743-Windows_10_22H2,0,native,success,0,0
2023-01-13T12:16:21Z,coin-,1681269718-96743-Windows_10_22H2,0,native,success,0,0
2023-01-13T12:16:30Z,coin-,1681269718-96743-Windows_10_22H2,0,native,success,0,0
2023-01-13T12:16:40Z,coin-,1681269718-96743-Windows_10_22H2,0,native,success,0,0
2023-01-13T12:16:50Z,coin-,1681269718-96743-Windows_10_22H2,0,native,success,0,0
2023-01-13T12:17:00Z,coin-,1681269718-96743-Windows_10_22H2,0,native,success,0,0
2023-01-13T12:17:10Z,coin-,1681269718-96743-Windows_10_22H2,0,native,success,0,0
2023-01-13T12:17:20Z,coin-,1681269718-96743-Windows_10_22H2,0,native,success,0,0
2023-01-13T12:17:30Z,coin-,1681269718-96743-Windows_10_22H2,0,native,success,0,0
2023-01-13T12:17:40Z,coin-,1681269718-96743-Windows_10_22H2,0,native,success,0,0
2023-01-13T12:17:50Z,coin-,1681269718-96743-Windows_10_22H2,0,native,success,0,0
