time,exe,host,pid_count,pid_finder,result,result_code,running
2023-01-12T08:41:10Z,coin-,1681269718-67540-Windows_11_22H2,0,native,success,0,0
2023-01-12T08:41:20Z,coin-,1681269718-67540-Windows_11_22H2,0,native,success,0,0
2023-01-12T08:41:30Z,coin-,1681269718-67540-Windows_11_22H2,0,native,success,0,0
2023-01-12T08:41:41Z,coin-,1681269718-67540-Windows_11_22H2,0,native,success,0,0
2023-01-12T08:41:51Z,coin-,1681269718-67540-Windows_11_22H2,0,native,success,0,0
2023-01-12T08:42:00Z,coin-,1681269718-67540-Windows_11_22H2,0,native,success,0,0
2023-01-12T08:42:11Z,coin-,1681269718-67540-Windows_11_22H2,0,native,success,0,0
2023-01-12T08:42:20Z,coin-,1681269718-67540-Windows_11_22H2,0,native,success,0,0
2023-01-12T08:42:31Z,coin-,1681269718-67540-Windows_11_22H2,0,native,success,0,0
2023-01-12T08:42:40Z,coin-,1681269718-67540-Windows_11_22H2,0,native,success,0,0
2023-01-12T08:42:50Z,coin-,1681269718-67540-Windows_11_22H2,0,native,success,0,0
2023-01-12T08:43:00Z,coin-,1681269718-67540-Windows_11_22H2,0,native,success,0,0
