time,exe,host,pid_count,pid_finder,result,result_code,running
2023-01-11T11:43:10Z,coin-,1681269718-50265-Windows_11_22H2,0,native,success,0,0
2023-01-11T11:43:21Z,coin-,1681269718-50265-Windows_11_22H2,0,native,success,0,0
2023-01-11T11:43:30Z,coin-,1681269718-50265-Windows_11_22H2,0,native,success,0,0
2023-01-11T11:43:41Z,coin-,1681269718-50265-Windows_11_22H2,0,native,success,0,0
2023-01-11T11:43:51Z,coin-,1681269718-50265-Windows_11_22H2,0,native,success,0,0
2023-01-11T11:44:00Z,coin-,1681269718-50265-Windows_11_22H2,0,native,success,0,0
2023-01-11T11:44:11Z,coin-,1681269718-50265-Windows_11_22H2,0,native,success,0,0
2023-01-11T11:44:21Z,coin-,1681269718-50265-Windows_11_22H2,0,native,success,0,0
2023-01-11T11:44:30Z,coin-,1681269718-50265-Windows_11_22H2,0,native,success,0,0
2023-01-11T11:44:40Z,coin-,1681269718-50265-Windows_11_22H2,0,native,success,0,0
2023-01-11T11:44:50Z,coin-,1681269718-50265-Windows_11_22H2,0,native,success,0,0
2023-01-11T11:45:01Z,coin-,1681269718-50265-Windows_11_22H2,0,native,success,0,0
