time,exe,host,pid_count,pid_finder,result,result_code,running
2023-01-10T19:23:40Z,coin-,1681269718-39396-Windows_11_22H2,0,native,success,0,0
2023-01-10T19:23:50Z,coin-,1681269718-39396-Windows_11_22H2,0,native,success,0,0
2023-01-10T19:24:01Z,coin-,1681269718-39396-Windows_11_22H2,0,native,success,0,0
2023-01-10T19:24:10Z,coin-,1681269718-39396-Windows_11_22H2,0,native,success,0,0
2023-01-10T19:24:21Z,coin-,1681269718-39396-Windows_11_22H2,0,native,success,0,0
2023-01-10T19:24:30Z,coin-,1681269718-39396-Windows_11_22H2,0,native,success,0,0
2023-01-10T19:24:40Z,coin-,1681269718-39396-Windows_11_22H2,0,native,success,0,0
2023-01-10T19:24:51Z,coin-,1681269718-39396-Windows_11_22H2,0,native,success,0,0
2023-01-10T19:25:00Z,coin-,1681269718-39396-Windows_11_22H2,0,native,success,0,0
2023-01-10T19:25:10Z,coin-,1681269718-39396-Windows_11_22H2,0,native,success,0,0
2023-01-10T19:25:20Z,coin-,1681269718-39396-Windows_11_22H2,0,native,success,0,0
2023-01-10T19:25:30Z,coin-,1681269718-39396-Windows_11_22H2,0,native,success,0,0
