time,exe,host,pid_count,pid_finder,result,result_code,running
2023-01-04T21:02:30Z,coin-,1681077439-65777-Windows_10_22H2,0,native,success,0,0
2023-01-04T21:02:40Z,coin-,1681077439-65777-Windows_10_22H2,0,native,success,0,0
2023-01-04T21:02:50Z,coin-,1681077439-65777-Windows_10_22H2,0,native,success,0,0
2023-01-04T21:03:00Z,coin-,1681077439-65777-Windows_10_22H2,0,native,success,0,0
2023-01-04T21:03:10Z,coin-,1681077439-65777-Windows_10_22H2,0,native,success,0,0
2023-01-04T21:03:20Z,coin-,1681077439-65777-Windows_10_22H2,0,native,success,0,0
2023-01-04T21:03:30Z,coin-,1681077439-65777-Windows_10_22H2,0,native,success,0,0
2023-01-04T21:03:40Z,coin-,1681077439-65777-Windows_10_22H2,0,native,success,0,0
2023-01-04T21:03:50Z,coin-,1681077439-65777-Windows_10_22H2,0,native,success,0,0
2023-01-04T21:04:00Z,coin-,1681077439-65777-Windows_10_22H2,0,native,success,0,0
2023-01-04T21:04:10Z,coin-,1681077439-65777-Windows_10_22H2,0,native,success,0,0
2023-01-04T21:04:20Z,coin-,1681077439-65777-Windows_10_22H2,0,native,success,0,0
