time,exe,host,pid_count,pid_finder,result,result_code,running
2023-01-11T09:51:00Z,coin-,1681269718-47170-Windows_11_22H2,0,native,success,0,0
2023-01-11T09:51:10Z,coin-,1681269718-47170-Windows_11_22H2,0,native,success,0,0
2023-01-11T09:51:20Z,coin-,1681269718-47170-Windows_11_22H2,0,native,success,0,0
2023-01-11T09:51:31Z,coin-,1681269718-47170-Windows_11_22H2,0,native,success,0,0
2023-01-11T09:51:41Z,coin-,1681269718-47170-Windows_11_22H2,0,native,success,0,0
2023-01-11T09:51:50Z,coin-,1681269718-47170-Windows_11_22H2,0,native,success,0,0
2023-01-11T09:52:01Z,coin-,1681269718-47170-Windows_11_22H2,0,native,success,0,0
2023-01-11T09:52:10Z,coin-,1681269718-47170-Windows_11_22H2,0,native,success,0,0
2023-01-11T09:52:21Z,coin-,1681269718-47170-Windows_11_22H2,0,native,success,0,0
2023-01-11T09:52:31Z,coin-,1681269718-47170-Windows_11_22H2,0,native,success,0,0
2023-01-11T09:52:40Z,coin-,1681269718-47170-Windows_11_22H2,0,native,success,0,0
2023-01-11T09:52:50Z,coin-,1681269718-47170-Windows_11_22H2,0,native,success,0,0
