time,exe,host,pid_count,pid_finder,result,result_code,running
2023-01-13T22:29:00Z,coin-,1681269718-111090-Windows_10_22H2,0,native,success,0,0
2023-01-13T22:29:10Z,coin-,1681269718-111090-Windows_10_22H2,0,native,success,0,0
2023-01-13T22:29:20Z,coin-,1681269718-111090-Windows_10_22H2,0,native,success,0,0
2023-01-13T22:29:30Z,coin-,1681269718-111090-Windows_10_22H2,0,native,success,0,0
2023-01-13T22:29:40Z,coin-,1681269718-111090-Windows_10_22H2,0,native,success,0,0
2023-01-13T22:29:50Z,coin-,1681269718-111090-Windows_10_22H2,0,native,success,0,0
2023-01-13T22:30:00Z,coin-,1681269718-111090-Windows_10_22H2,0,native,success,0,0
2023-01-13T22:30:10Z,coin-,1681269718-111090-Windows_10_22H2,0,native,success,0,0
2023-01-13T22:30:20Z,coin-,1681269718-111090-Windows_10_22H2,0,native,success,0,0
2023-01-13T22:30:30Z,coin-,1681269718-111090-Windows_10_22H2,0,native,success,0,0
2023-01-13T22:30:40Z,coin-,1681269718-111090-Windows_10_22H2,0,native,success,0,0
2023-01-13T22:30:50Z,coin-,1681269718-111090-Windows_10_22H2,0,native,success,0,0
