time,exe,host,pid_count,pid_finder,result,result_code,running
2023-01-17T09:44:10Z,coin-,1681269718-157014-Windows_11_22H2,0,native,success,0,0
2023-01-17T09:44:21Z,coin-,1681269718-157014-Windows_11_22H2,0,native,success,0,0
2023-01-17T09:44:31Z,coin-,1681269718-157014-Windows_11_22H2,0,native,success,0,0
2023-01-17T09:44:41Z,coin-,1681269718-157014-Windows_11_22H2,0,native,success,0,0
2023-01-17T09:44:51Z,coin-,1681269718-157014-Windows_11_22H2,0,native,success,0,0
2023-01-17T09:45:01Z,coin-,1681269718-157014-Windows_11_22H2,0,native,success,0,0
2023-01-17T09:45:10Z,coin-,1681269718-157014-Windows_11_22H2,0,native,success,0,0
2023-01-17T09:45:21Z,coin-,1681269718-157014-Windows_11_22H2,0,native,success,0,0
2023-01-17T09:45:31Z,coin-,1681269718-157014-Windows_11_22H2,0,native,success,0,0
2023-01-17T09:45:41Z,coin-,1681269718-157014-Windows_11_22H2,0,native,success,0,0
2023-01-17T09:45:51Z,coin-,1681269718-157014-Windows_11_22H2,0,native,success,0,0
2023-01-17T09:46:01Z,coin-,1681269718-157014-Windows_11_22H2,0,native,success,0,0
