time,exe,host,pid_count,pid_finder,result,result_code,running
2023-01-16T09:38:40Z,coin-,1681269718-127854-Windows_11_22H2,0,native,success,0,0
2023-01-16T09:38:50Z,coin-,1681269718-127854-Windows_11_22H2,0,native,success,0,0
2023-01-16T09:39:00Z,coin-,1681269718-127854-Windows_11_22H2,0,native,success,0,0
2023-01-16T09:39:10Z,coin-,1681269718-127854-Windows_11_22H2,0,native,success,0,0
2023-01-16T09:39:20Z,coin-,1681269718-127854-Windows_11_22H2,0,native,success,0,0
2023-01-16T09:39:31Z,coin-,1681269718-127854-Windows_11_22H2,0,native,success,0,0
2023-01-16T09:39:40Z,coin-,1681269718-127854-Windows_11_22H2,0,native,success,0,0
2023-01-16T09:39:50Z,coin-,1681269718-127854-Windows_11_22H2,0,native,success,0,0
2023-01-16T09:40:00Z,coin-,1681269718-127854-Windows_11_22H2,0,native,success,0,0
2023-01-16T09:40:10Z,coin-,1681269718-127854-Windows_11_22H2,0,native,success,0,0
2023-01-16T09:40:20Z,coin-,1681269718-127854-Windows_11_22H2,0,native,success,0,0
2023-01-16T09:40:30Z,coin-,1681269718-127854-Windows_11_22H2,0,native,success,0,0
2023-01-16T09:40:40Z,coin-,1681269718-127854-Windows_11_22H2,0,native,success,0,0
