time,exe,host,pid_count,pid_finder,result,result_code,running
2023-01-12T04:04:00Z,coin-,1681269718-65603-Windows_10_22H2,0,native,success,0,0
2023-01-12T04:04:10Z,coin-,1681269718-65603-Windows_10_22H2,0,native,success,0,0
2023-01-12T04:04:21Z,coin-,1681269718-65603-Windows_10_22H2,0,native,success,0,0
2023-01-12T04:04:30Z,coin-,1681269718-65603-Windows_10_22H2,0,native,success,0,0
2023-01-12T04:04:40Z,coin-,1681269718-65603-Windows_10_22H2,0,native,success,0,0
2023-01-12T04:04:50Z,coin-,1681269718-65603-Windows_10_22H2,0,native,success,0,0
2023-01-12T04:05:00Z,coin-,1681269718-65603-Windows_10_22H2,0,native,success,0,0
2023-01-12T04:05:10Z,coin-,1681269718-65603-Windows_10_22H2,0,native,success,0,0
2023-01-12T04:05:20Z,coin-,1681269718-65603-Windows_10_22H2,0,native,success,0,0
2023-01-12T04:05:30Z,coin-,1681269718-65603-Windows_10_22H2,0,native,success,0,0
2023-01-12T04:05:40Z,coin-,1681269718-65603-Windows_10_22H2,0,native,success,0,0
2023-01-12T04:05:50Z,coin-,1681269718-65603-Windows_10_22H2,0,native,success,0,0
