time,exe,host,pid_count,pid_finder,result,result_code,running
2023-01-03T16:49:50Z,coin-,1681077439-31382-Windows_10_22H2,0,native,success,0,0
2023-01-03T16:50:00Z,coin-,1681077439-31382-Windows_10_22H2,0,native,success,0,0
2023-01-03T16:50:10Z,coin-,1681077439-31382-Windows_10_22H2,0,native,success,0,0
2023-01-03T16:50:20Z,coin-,1681077439-31382-Windows_10_22H2,0,native,success,0,0
2023-01-03T16:50:30Z,coin-,1681077439-31382-Windows_10_22H2,0,native,success,0,0
2023-01-03T16:50:40Z,coin-,1681077439-31382-Windows_10_22H2,0,native,success,0,0
2023-01-03T16:50:50Z,coin-,1681077439-31382-Windows_10_22H2,0,native,success,0,0
2023-01-03T16:51:00Z,coin-,1681077439-31382-Windows_10_22H2,0,native,success,0,0
2023-01-03T16:51:10Z,coin-,1681077439-31382-Windows_10_22H2,0,native,success,0,0
2023-01-03T16:51:20Z,coin-,1681077439-31382-Windows_10_22H2,0,native,success,0,0
2023-01-03T16:51:30Z,coin-,1681077439-31382-Windows_10_22H2,0,native,success,0,0
2023-01-03T16:51:40Z,coin-,1681077439-31382-Windows_10_22H2,0,native,success,0,0
2023-01-03T16:51:50Z,coin-,1681077439-31382-Windows_10_22H2,0,native,success,0,0
