time,exe,host,pid_count,pid_finder,result,result_code,running
2023-01-12T12:02:51Z,coin-,1681269718-72269-Windows_11_22H2,0,native,success,0,0
2023-01-12T12:03:00Z,coin-,1681269718-72269-Windows_11_22H2,0,native,success,0,0
2023-01-12T12:03:11Z,coin-,1681269718-72269-Windows_11_22H2,0,native,success,0,0
2023-01-12T12:03:20Z,coin-,1681269718-72269-Windows_11_22H2,0,native,success,0,0
2023-01-12T12:03:31Z,coin-,1681269718-72269-Windows_11_22H2,0,native,success,0,0
2023-01-12T12:03:41Z,coin-,1681269718-72269-Windows_11_22H2,0,native,success,0,0
2023-01-12T12:03:51Z,coin-,1681269718-72269-Windows_11_22H2,0,native,success,0,0
2023-01-12T12:04:00Z,coin-,1681269718-72269-Windows_11_22H2,0,native,success,0,0
2023-01-12T12:04:11Z,coin-,1681269718-72269-Windows_11_22H2,0,native,success,0,0
2023-01-12T12:04:21Z,coin-,1681269718-72269-Windows_11_22H2,0,native,success,0,0
2023-01-12T12:04:30Z,coin-,1681269718-72269-Windows_11_22H2,0,native,success,0,0
2023-01-12T12:04:41Z,coin-,1681269718-72269-Windows_11_22H2,0,native,success,0,0
