time,exe,host,pid_count,pid_finder,result,result_code,running
2023-01-12T06:09:00Z,coin-,1681269718-67140-Windows_10_22H2,0,native,success,0,0
2023-01-12T06:09:10Z,coin-,1681269718-67140-Windows_10_22H2,0,native,success,0,0
2023-01-12T06:09:20Z,coin-,1681269718-67140-Windows_10_22H2,0,native,success,0,0
2023-01-12T06:09:30Z,coin-,1681269718-67140-Windows_10_22H2,0,native,success,0,0
2023-01-12T06:09:40Z,coin-,1681269718-67140-Windows_10_22H2,0,native,success,0,0
2023-01-12T06:09:50Z,coin-,1681269718-67140-Windows_10_22H2,0,native,success,0,0
2023-01-12T06:10:00Z,coin-,1681269718-67140-Windows_10_22H2,0,native,success,0,0
2023-01-12T06:10:10Z,coin-,1681269718-67140-Windows_10_22H2,0,native,success,0,0
2023-01-12T06:10:20Z,coin-,1681269718-67140-Windows_10_22H2,0,native,success,0,0
2023-01-12T06:10:30Z,coin-,1681269718-67140-Windows_10_22H2,0,native,success,0,0
2023-01-12T06:10:40Z,coin-,1681269718-67140-Windows_10_22H2,0,native,success,0,0
2023-01-12T06:10:50Z,coin-,1681269718-67140-Windows_10_22H2,0,native,success,0,0
