time,exe,host,pid_count,pid_finder,result,result_code,running
2023-01-16T09:59:21Z,coin-,1681269718-128249-Windows_11_22H2,0,native,success,0,0
2023-01-16T09:59:30Z,coin-,1681269718-128249-Windows_11_22H2,0,native,success,0,0
2023-01-16T09:59:41Z,coin-,1681269718-128249-Windows_11_22H2,0,native,success,0,0
2023-01-16T09:59:51Z,coin-,1681269718-128249-Windows_11_22H2,0,native,success,0,0
2023-01-16T10:00:01Z,coin-,1681269718-128249-Windows_11_22H2,0,native,success,0,0
2023-01-16T10:00:11Z,coin-,1681269718-128249-Windows_11_22H2,0,native,success,0,0
2023-01-16T10:00:21Z,coin-,1681269718-128249-Windows_11_22H2,0,native,success,0,0
2023-01-16T10:00:31Z,coin-,1681269718-128249-Windows_11_22H2,0,native,success,0,0
2023-01-16T10:00:40Z,coin-,1681269718-128249-Windows_11_22H2,0,native,success,0,0
2023-01-16T10:00:51Z,coin-,1681269718-128249-Windows_11_22H2,0,native,success,0,0
2023-01-16T10:01:01Z,coin-,1681269718-128249-Windows_11_22H2,0,native,success,0,0
2023-01-16T10:01:11Z,coin-,1681269718-128249-Windows_11_22H2,0,native,success,0,0
