time,exe,host,pid_count,pid_finder,result,result_code,running
2023-01-09T17:33:40Z,coin-,1681269718-5132-Windows_10_22H2,0,native,success,0,0
2023-01-09T17:33:50Z,coin-,1681269718-5132-Windows_10_22H2,0,native,success,0,0
2023-01-09T17:34:01Z,coin-,1681269718-5132-Windows_10_22H2,0,native,success,0,0
2023-01-09T17:34:11Z,coin-,1681269718-5132-Windows_10_22H2,0,native,success,0,0
2023-01-09T17:34:20Z,coin-,1681269718-5132-Windows_10_22H2,0,native,success,0,0
2023-01-09T17:34:30Z,coin-,1681269718-5132-Windows_10_22H2,0,native,success,0,0
2023-01-09T17:34:40Z,coin-,1681269718-5132-Windows_10_22H2,0,native,success,0,0
2023-01-09T17:34:51Z,coin-,1681269718-5132-Windows_10_22H2,0,native,success,0,0
2023-01-09T17:35:00Z,coin-,1681269718-5132-Windows_10_22H2,0,native,success,0,0
2023-01-09T17:35:10Z,coin-,1681269718-5132-Windows_10_22H2,0,native,success,0,0
2023-01-09T17:35:20Z,coin-,1681269718-5132-Windows_10_22H2,0,native,success,0,0
2023-01-09T17:35:30Z,coin-,1681269718-5132-Windows_10_22H2,0,native,success,0,0
