time,exe,host,pid_count,pid_finder,result,result_code,running
2023-01-09T18:29:20Z,coin-,1681269718-6844-Windows_10_22H2,0,native,success,0,0
2023-01-09T18:29:30Z,coin-,1681269718-6844-Windows_10_22H2,0,native,success,0,0
2023-01-09T18:29:40Z,coin-,1681269718-6844-Windows_10_22H2,0,native,success,0,0
2023-01-09T18:29:50Z,coin-,1681269718-6844-Windows_10_22H2,0,native,success,0,0
2023-01-09T18:30:00Z,coin-,1681269718-6844-Windows_10_22H2,0,native,success,0,0
2023-01-09T18:30:10Z,coin-,1681269718-6844-Windows_10_22H2,0,native,success,0,0
2023-01-09T18:30:20Z,coin-,1681269718-6844-Windows_10_22H2,0,native,success,0,0
2023-01-09T18:30:30Z,coin-,1681269718-6844-Windows_10_22H2,0,native,success,0,0
2023-01-09T18:30:40Z,coin-,1681269718-6844-Windows_10_22H2,0,native,success,0,0
2023-01-09T18:30:50Z,coin-,1681269718-6844-Windows_10_22H2,0,native,success,0,0
2023-01-09T18:31:00Z,coin-,1681269718-6844-Windows_10_22H2,0,native,success,0,0
2023-01-09T18:31:10Z,coin-,1681269718-6844-Windows_10_22H2,0,native,success,0,0
