time,exe,host,pid_count,pid_finder,result,result_code,running
2023-01-03T20:10:00Z,coin-,1681077439-35678-Windows_10_22H2,0,native,success,0,0
2023-01-03T20:10:10Z,coin-,1681077439-35678-Windows_10_22H2,0,native,success,0,0
2023-01-03T20:10:20Z,coin-,1681077439-35678-Windows_10_22H2,0,native,success,0,0
2023-01-03T20:10:30Z,coin-,1681077439-35678-Windows_10_22H2,0,native,success,0,0
2023-01-03T20:10:40Z,coin-,1681077439-35678-Windows_10_22H2,0,native,success,0,0
2023-01-03T20:10:50Z,coin-,1681077439-35678-Windows_10_22H2,0,native,success,0,0
2023-01-03T20:11:00Z,coin-,1681077439-35678-Windows_10_22H2,0,native,success,0,0
2023-01-03T20:11:10Z,coin-,1681077439-35678-Windows_10_22H2,0,native,success,0,0
2023-01-03T20:11:20Z,coin-,1681077439-35678-Windows_10_22H2,0,native,success,0,0
2023-01-03T20:11:30Z,coin-,1681077439-35678-Windows_10_22H2,0,native,success,0,0
2023-01-03T20:11:40Z,coin-,1681077439-35678-Windows_10_22H2,0,native,success,0,0
2023-01-03T20:11:50Z,coin-,1681077439-35678-Windows_10_22H2,0,native,success,0,0
