time,exe,host,pid_count,pid_finder,result,result_code,running
2023-01-04T15:44:00Z,coin-,1681077439-56995-Windows_10_22H2,0,native,success,0,0
2023-01-04T15:44:10Z,coin-,1681077439-56995-Windows_10_22H2,0,native,success,0,0
2023-01-04T15:44:20Z,coin-,1681077439-56995-Windows_10_22H2,0,native,success,0,0
2023-01-04T15:44:30Z,coin-,1681077439-56995-Windows_10_22H2,0,native,success,0,0
2023-01-04T15:44:40Z,coin-,1681077439-56995-Windows_10_22H2,0,native,success,0,0
2023-01-04T15:44:50Z,coin-,1681077439-56995-Windows_10_22H2,0,native,success,0,0
2023-01-04T15:45:00Z,coin-,1681077439-56995-Windows_10_22H2,0,native,success,0,0
2023-01-04T15:45:10Z,coin-,1681077439-56995-Windows_10_22H2,0,native,success,0,0
2023-01-04T15:45:20Z,coin-,1681077439-56995-Windows_10_22H2,0,native,success,0,0
2023-01-04T15:45:30Z,coin-,1681077439-56995-Windows_10_22H2,0,native,success,0,0
2023-01-04T15:45:40Z,coin-,1681077439-56995-Windows_10_22H2,0,native,success,0,0
2023-01-04T15:45:50Z,coin-,1681077439-56995-Windows_10_22H2,0,native,success,0,0
