time,exe,host,pid_count,pid_finder,result,result_code,running
2023-01-17T18:59:50Z,coin-,1681269718-167781-Windows_11_22H2,0,native,success,0,0
2023-01-17T19:00:00Z,coin-,1681269718-167781-Windows_11_22H2,0,native,success,0,0
2023-01-17T19:00:11Z,coin-,1681269718-167781-Windows_11_22H2,0,native,success,0,0
2023-01-17T19:00:20Z,coin-,1681269718-167781-Windows_11_22H2,0,native,success,0,0
2023-01-17T19:00:31Z,coin-,1681269718-167781-Windows_11_22H2,0,native,success,0,0
2023-01-17T19:00:41Z,coin-,1681269718-167781-Windows_11_22H2,0,native,success,0,0
2023-01-17T19:00:51Z,coin-,1681269718-167781-Windows_11_22H2,0,native,success,0,0
2023-01-17T19:01:00Z,coin-,1681269718-167781-Windows_11_22H2,0,native,success,0,0
2023-01-17T19:01:10Z,coin-,1681269718-167781-Windows_11_22H2,0,native,success,0,0
2023-01-17T19:01:20Z,coin-,1681269718-167781-Windows_11_22H2,0,native,success,0,0
2023-01-17T19:01:30Z,coin-,1681269718-167781-Windows_11_22H2,0,native,success,0,0
2023-01-17T19:01:41Z,coin-,1681269718-167781-Windows_11_22H2,0,native,success,0,0
