time,exe,host,pid_count,pid_finder,result,result_code,running
2023-01-12T14:08:20Z,coin-,1681269718-76529-Windows_11_22H2,0,native,success,0,0
2023-01-12T14:08:30Z,coin-,1681269718-76529-Windows_11_22H2,0,native,success,0,0
2023-01-12T14:08:41Z,coin-,1681269718-76529-Windows_11_22H2,0,native,success,0,0
2023-01-12T14:08:51Z,coin-,1681269718-76529-Windows_11_22H2,0,native,success,0,0
2023-01-12T14:09:01Z,coin-,1681269718-76529-Windows_11_22H2,0,native,success,0,0
2023-01-12T14:09:11Z,coin-,1681269718-76529-Windows_11_22H2,0,native,success,0,0
2023-01-12T14:09:21Z,coin-,1681269718-76529-Windows_11_22H2,0,native,success,0,0
2023-01-12T14:09:31Z,coin-,1681269718-76529-Windows_11_22H2,0,native,success,0,0
2023-01-12T14:09:40Z,coin-,1681269718-76529-Windows_11_22H2,0,native,success,0,0
2023-01-12T14:09:51Z,coin-,1681269718-76529-Windows_11_22H2,0,native,success,0,0
2023-01-12T14:10:00Z,coin-,1681269718-76529-Windows_11_22H2,0,native,success,0,0
2023-01-12T14:10:10Z,coin-,1681269718-76529-Windows_11_22H2,0,native,success,0,0
