time,exe,host,pid_count,pid_finder,result,result_code,running
2023-01-12T18:00:01Z,coin-,1681269718-80898-Windows_11_22H2,0,native,success,0,0
2023-01-12T18:00:11Z,coin-,1681269718-80898-Windows_11_22H2,0,native,success,0,0
2023-01-12T18:00:20Z,coin-,1681269718-80898-Windows_11_22H2,0,native,success,0,0
2023-01-12T18:00:31Z,coin-,1681269718-80898-Windows_11_22H2,0,native,success,0,0
2023-01-12T18:00:41Z,coin-,1681269718-80898-Windows_11_22H2,0,native,success,0,0
2023-01-12T18:00:50Z,coin-,1681269718-80898-Windows_11_22H2,0,native,success,0,0
2023-01-12T18:01:01Z,coin-,1681269718-80898-Windows_11_22H2,0,native,success,0,0
2023-01-12T18:01:11Z,coin-,1681269718-80898-Windows_11_22H2,0,native,success,0,0
2023-01-12T18:01:21Z,coin-,1681269718-80898-Windows_11_22H2,0,native,success,0,0
2023-01-12T18:01:31Z,coin-,1681269718-80898-Windows_11_22H2,0,native,success,0,0
2023-01-12T18:01:41Z,coin-,1681269718-80898-Windows_11_22H2,0,native,success,0,0
2023-01-12T18:01:51Z,coin-,1681269718-80898-Windows_11_22H2,0,native,success,0,0
