time,exe,host,pid_count,pid_finder,result,result_code,running
2023-01-04T03:45:20Z,coin-,1681077439-41475-Windows_10_22H2,0,native,success,0,0
2023-01-04T03:45:30Z,coin-,1681077439-41475-Windows_10_22H2,0,native,success,0,0
2023-01-04T03:45:40Z,coin-,1681077439-41475-Windows_10_22H2,0,native,success,0,0
2023-01-04T03:45:50Z,coin-,1681077439-41475-Windows_10_22H2,0,native,success,0,0
2023-01-04T03:46:00Z,coin-,1681077439-41475-Windows_10_22H2,0,native,success,0,0
2023-01-04T03:46:10Z,coin-,1681077439-41475-Windows_10_22H2,0,native,success,0,0
2023-01-04T03:46:20Z,coin-,1681077439-41475-Windows_10_22H2,0,native,success,0,0
2023-01-04T03:46:30Z,coin-,1681077439-41475-Windows_10_22H2,0,native,success,0,0
2023-01-04T03:46:40Z,coin-,1681077439-41475-Windows_10_22H2,0,native,success,0,0
2023-01-04T03:46:51Z,coin-,1681077439-41475-Windows_10_22H2,0,native,success,0,0
2023-01-04T03:47:00Z,coin-,1681077439-41475-Windows_10_22H2,0,native,success,0,0
2023-01-04T03:47:10Z,coin-,1681077439-41475-Windows_10_22H2,0,native,success,0,0
