time,exe,host,pid_count,pid_finder,result,result_code,running
2023-01-12T12:07:50Z,coin-,1681269718-74185-Windows_10_22H2,0,native,success,0,0
2023-01-12T12:08:00Z,coin-,1681269718-74185-Windows_10_22H2,0,native,success,0,0
2023-01-12T12:08:10Z,coin-,1681269718-74185-Windows_10_22H2,0,native,success,0,0
2023-01-12T12:08:20Z,coin-,1681269718-74185-Windows_10_22H2,0,native,success,0,0
2023-01-12T12:08:30Z,coin-,1681269718-74185-Windows_10_22H2,0,native,success,0,0
2023-01-12T12:08:40Z,coin-,1681269718-74185-Windows_10_22H2,0,native,success,0,0
2023-01-12T12:08:50Z,coin-,1681269718-74185-Windows_10_22H2,0,native,success,0,0
2023-01-12T12:09:00Z,coin-,1681269718-74185-Windows_10_22H2,0,native,success,0,0
2023-01-12T12:09:10Z,coin-,1681269718-74185-Windows_10_22H2,0,native,success,0,0
2023-01-12T12:09:20Z,coin-,1681269718-74185-Windows_10_22H2,0,native,success,0,0
2023-01-12T12:09:30Z,coin-,1681269718-74185-Windows_10_22H2,0,native,success,0,0
2023-01-12T12:09:40Z,coin-,1681269718-74185-Windows_10_22H2,0,native,success,0,0
