time,exe,host,pid_count,pid_finder,result,result_code,running
2023-01-16T17:34:20Z,coin-,1681269718-139492-Windows_11_22H2,0,native,success,0,0
2023-01-16T17:34:30Z,coin-,1681269718-139492-Windows_11_22H2,0,native,success,0,0
2023-01-16T17:34:40Z,coin-,1681269718-139492-Windows_11_22H2,0,native,success,0,0
2023-01-16T17:34:51Z,coin-,1681269718-139492-Windows_11_22H2,0,native,success,0,0
2023-01-16T17:35:01Z,coin-,1681269718-139492-Windows_11_22H2,0,native,success,0,0
2023-01-16T17:35:10Z,coin-,1681269718-139492-Windows_11_22H2,0,native,success,0,0
2023-01-16T17:35:21Z,coin-,1681269718-139492-Windows_11_22H2,0,native,success,0,0
2023-01-16T17:35:30Z,coin-,1681269718-139492-Windows_11_22H2,0,native,success,0,0
2023-01-16T17:35:41Z,coin-,1681269718-139492-Windows_11_22H2,0,native,success,0,0
2023-01-16T17:35:51Z,coin-,1681269718-139492-Windows_11_22H2,0,native,success,0,0
2023-01-16T17:36:01Z,coin-,1681269718-139492-Windows_11_22H2,0,native,success,0,0
2023-01-16T17:36:11Z,coin-,1681269718-139492-Windows_11_22H2,0,native,success,0,0
