time,exe,host,pid_count,pid_finder,result,result_code,running
2023-01-02T23:06:40Z,coin-,1681077439-7080-Windows_10_22H2,0,native,success,0,0
2023-01-02T23:06:50Z,coin-,1681077439-7080-Windows_10_22H2,0,native,success,0,0
2023-01-02T23:07:00Z,coin-,1681077439-7080-Windows_10_22H2,0,native,success,0,0
2023-01-02T23:07:10Z,coin-,1681077439-7080-Windows_10_22H2,0,native,success,0,0
2023-01-02T23:07:20Z,coin-,1681077439-7080-Windows_10_22H2,0,native,success,0,0
2023-01-02T23:07:30Z,coin-,1681077439-7080-Windows_10_22H2,0,native,success,0,0
2023-01-02T23:07:40Z,coin-,1681077439-7080-Windows_10_22H2,0,native,success,0,0
2023-01-02T23:07:50Z,coin-,1681077439-7080-Windows_10_22H2,0,native,success,0,0
2023-01-02T23:08:00Z,coin-,1681077439-7080-Windows_10_22H2,0,native,success,0,0
2023-01-02T23:08:10Z,coin-,1681077439-7080-Windows_10_22H2,0,native,success,0,0
2023-01-02T23:08:20Z,coin-,1681077439-7080-Windows_10_22H2,0,native,success,0,0
2023-01-02T23:08:30Z,coin-,1681077439-7080-Windows_10_22H2,0,native,success,0,0
