time,exe,host,pid_count,pid_finder,result,result_code,running
2023-01-04T19:22:00Z,coin-,1681077439-65600-Windows_10_22H2,0,native,success,0,0
2023-01-04T19:22:10Z,coin-,1681077439-65600-Windows_10_22H2,0,native,success,0,0
2023-01-04T19:22:20Z,coin-,1681077439-65600-Windows_10_22H2,0,native,success,0,0
2023-01-04T19:22:30Z,coin-,1681077439-65600-Windows_10_22H2,0,native,success,0,0
2023-01-04T19:22:40Z,coin-,1681077439-65600-Windows_10_22H2,0,native,success,0,0
2023-01-04T19:22:50Z,coin-,1681077439-65600-Windows_10_22H2,0,native,success,0,0
2023-01-04T19:23:00Z,coin-,1681077439-65600-Windows_10_22H2,0,native,success,0,0
2023-01-04T19:23:10Z,coin-,1681077439-65600-Windows_10_22H2,0,native,success,0,0
2023-01-04T19:23:20Z,coin-,1681077439-65600-Windows_10_22H2,0,native,success,0,0
2023-01-04T19:23:30Z,coin-,1681077439-65600-Windows_10_22H2,0,native,success,0,0
2023-01-04T19:23:40Z,coin-,1681077439-65600-Windows_10_22H2,0,native,success,0,0
2023-01-04T19:23:50Z,coin-,1681077439-65600-Windows_10_22H2,0,native,success,0,0
2023-01-04T19:24:00Z,coin-,1681077439-65600-Windows_10_22H2,0,native,success,0,0
