time,exe,host,pid_count,pid_finder,result,result_code,running
2023-01-12T15:29:10Z,coin-,1681269718-78720-Windows_11_22H2,0,native,success,0,0
2023-01-12T15:29:20Z,coin-,1681269718-78720-Windows_11_22H2,0,native,success,0,0
2023-01-12T15:29:30Z,coin-,1681269718-78720-Windows_11_22H2,0,native,success,0,0
2023-01-12T15:29:41Z,coin-,1681269718-78720-Windows_11_22H2,0,native,success,0,0
2023-01-12T15:29:51Z,coin-,1681269718-78720-Windows_11_22H2,0,native,success,0,0
2023-01-12T15:30:00Z,coin-,1681269718-78720-Windows_11_22H2,0,native,success,0,0
2023-01-12T15:30:11Z,coin-,1681269718-78720-Windows_11_22H2,0,native,success,0,0
2023-01-12T15:30:21Z,coin-,1681269718-78720-Windows_11_22H2,0,native,success,0,0
2023-01-12T15:30:31Z,coin-,1681269718-78720-Windows_11_22H2,0,native,success,0,0
2023-01-12T15:30:40Z,coin-,1681269718-78720-Windows_11_22H2,0,native,success,0,0
2023-01-12T15:30:50Z,coin-,1681269718-78720-Windows_11_22H2,0,native,success,0,0
2023-01-12T15:31:00Z,coin-,1681269718-78720-Windows_11_22H2,0,native,success,0,0
