time,exe,host,pid_count,pid_finder,result,result_code,running
2023-01-16T09:07:00Z,coin-,1681269718-127515-Windows_11_22H2,0,native,success,0,0
2023-01-16T09:07:11Z,coin-,1681269718-127515-Windows_11_22H2,0,native,success,0,0
2023-01-16T09:07:21Z,coin-,1681269718-127515-Windows_11_22H2,0,native,success,0,0
2023-01-16T09:07:31Z,coin-,1681269718-127515-Windows_11_22H2,0,native,success,0,0
2023-01-16T09:07:41Z,coin-,1681269718-127515-Windows_11_22H2,0,native,success,0,0
2023-01-16T09:07:51Z,coin-,1681269718-127515-Windows_11_22H2,0,native,success,0,0
2023-01-16T09:08:01Z,coin-,1681269718-127515-Windows_11_22H2,0,native,success,0,0
2023-01-16T09:08:10Z,coin-,1681269718-127515-Windows_11_22H2,0,native,success,0,0
2023-01-16T09:08:20Z,coin-,1681269718-127515-Windows_11_22H2,0,native,success,0,0
2023-01-16T09:08:31Z,coin-,1681269718-127515-Windows_11_22H2,0,native,success,0,0
2023-01-16T09:08:40Z,coin-,1681269718-127515-Windows_11_22H2,0,native,success,0,0
2023-01-16T09:08:51Z,coin-,1681269718-127515-Windows_11_22H2,0,native,success,0,0
