time,exe,host,pid_count,pid_finder,result,result_code,running
2023-01-04T19:15:30Z,coin-,1681077439-65515-Windows_10_22H2,0,native,success,0,0
2023-01-04T19:15:40Z,coin-,1681077439-65515-Windows_10_22H2,0,native,success,0,0
2023-01-04T19:15:50Z,coin-,1681077439-65515-Windows_10_22H2,0,native,success,0,0
2023-01-04T19:16:00Z,coin-,1681077439-65515-Windows_10_22H2,0,native,success,0,0
2023-01-04T19:16:10Z,coin-,1681077439-65515-Windows_10_22H2,0,native,success,0,0
2023-01-04T19:16:20Z,coin-,1681077439-65515-Windows_10_22H2,0,native,success,0,0
2023-01-04T19:16:30Z,coin-,1681077439-65515-Windows_10_22H2,0,native,success,0,0
2023-01-04T19:16:40Z,coin-,1681077439-65515-Windows_10_22H2,0,native,success,0,0
2023-01-04T19:16:50Z,coin-,1681077439-65515-Windows_10_22H2,0,native,success,0,0
2023-01-04T19:17:00Z,coin-,1681077439-65515-Windows_10_22H2,0,native,success,0,0
2023-01-04T19:17:10Z,coin-,1681077439-65515-Windows_10_22H2,0,native,success,0,0
2023-01-04T19:17:20Z,coin-,1681077439-65515-Windows_10_22H2,0,native,success,0,0
