time,exe,host,pid_count,pid_finder,result,result_code,running
2023-01-11T03:22:10Z,coin-,1681269718-45280-Windows_10_22H2,0,native,success,0,0
2023-01-11T03:22:20Z,coin-,1681269718-45280-Windows_10_22H2,0,native,success,0,0
2023-01-11T03:22:30Z,coin-,1681269718-45280-Windows_10_22H2,0,native,success,0,0
2023-01-11T03:22:40Z,coin-,1681269718-45280-Windows_10_22H2,0,native,success,0,0
2023-01-11T03:22:50Z,coin-,1681269718-45280-Windows_10_22H2,0,native,success,0,0
2023-01-11T03:23:00Z,coin-,1681269718-45280-Windows_10_22H2,0,native,success,0,0
2023-01-11T03:23:10Z,coin-,1681269718-45280-Windows_10_22H2,0,native,success,0,0
2023-01-11T03:23:20Z,coin-,1681269718-45280-Windows_10_22H2,0,native,success,0,0
2023-01-11T03:23:30Z,coin-,1681269718-45280-Windows_10_22H2,0,native,success,0,0
2023-01-11T03:23:40Z,coin-,1681269718-45280-Windows_10_22H2,0,native,success,0,0
2023-01-11T03:23:50Z,coin-,1681269718-45280-Windows_10_22H2,0,native,success,0,0
2023-01-11T03:24:00Z,coin-,1681269718-45280-Windows_10_22H2,0,native,success,0,0
