time,exe,host,pid_count,pid_finder,result,result_code,running
2023-01-17T08:01:41Z,coin-,1681269718-153549-Windows_11_22H2,0,native,success,0,0
2023-01-17T08:01:51Z,coin-,1681269718-153549-Windows_11_22H2,0,native,success,0,0
2023-01-17T08:02:01Z,coin-,1681269718-153549-Windows_11_22H2,0,native,success,0,0
2023-01-17T08:02:10Z,coin-,1681269718-153549-Windows_11_22H2,0,native,success,0,0
2023-01-17T08:02:21Z,coin-,1681269718-153549-Windows_11_22H2,0,native,success,0,0
2023-01-17T08:02:30Z,coin-,1681269718-153549-Windows_11_22H2,0,native,success,0,0
2023-01-17T08:02:41Z,coin-,1681269718-153549-Windows_11_22H2,0,native,success,0,0
2023-01-17T08:02:50Z,coin-,1681269718-153549-Windows_11_22H2,0,native,success,0,0
2023-01-17T08:03:00Z,coin-,1681269718-153549-Windows_11_22H2,0,native,success,0,0
2023-01-17T08:03:10Z,coin-,1681269718-153549-Windows_11_22H2,0,native,success,0,0
2023-01-17T08:03:21Z,coin-,1681269718-153549-Windows_11_22H2,0,native,success,0,0
2023-01-17T08:03:31Z,coin-,1681269718-153549-Windows_11_22H2,0,native,success,0,0
