time,exe,host,pid_count,pid_finder,result,result_code,running
2023-01-17T23:30:11Z,coin-,1681269718-175261-Windows_11_22H2,0,native,success,0,0
2023-01-17T23:30:21Z,coin-,1681269718-175261-Windows_11_22H2,0,native,success,0,0
2023-01-17T23:30:31Z,coin-,1681269718-175261-Windows_11_22H2,0,native,success,0,0
2023-01-17T23:30:41Z,coin-,1681269718-175261-Windows_11_22H2,0,native,success,0,0
2023-01-17T23:30:51Z,coin-,1681269718-175261-Windows_11_22H2,0,native,success,0,0
2023-01-17T23:31:01Z,coin-,1681269718-175261-Windows_11_22H2,0,native,success,0,0
2023-01-17T23:31:11Z,coin-,1681269718-175261-Windows_11_22H2,0,native,success,0,0
2023-01-17T23:31:21Z,coin-,1681269718-175261-Windows_11_22H2,0,native,success,0,0
2023-01-17T23:31:31Z,coin-,1681269718-175261-Windows_11_22H2,0,native,success,0,0
2023-01-17T23:31:41Z,coin-,1681269718-175261-Windows_11_22H2,0,native,success,0,0
2023-01-17T23:31:51Z,coin-,1681269718-175261-Windows_11_22H2,0,native,success,0,0
2023-01-17T23:32:01Z,coin-,1681269718-175261-Windows_11_22H2,0,native,success,0,0
