time,exe,host,pid_count,pid_finder,result,result_code,running
2023-01-03T22:33:10Z,coin-,1681077439-37650-Windows_10_22H2,0,native,success,0,0
2023-01-03T22:33:20Z,coin-,1681077439-37650-Windows_10_22H2,0,native,success,0,0
2023-01-03T22:33:30Z,coin-,1681077439-37650-Windows_10_22H2,0,native,success,0,0
2023-01-03T22:33:41Z,coin-,1681077439-37650-Windows_10_22H2,0,native,success,0,0
2023-01-03T22:33:50Z,coin-,1681077439-37650-Windows_10_22H2,0,native,success,0,0
2023-01-03T22:34:00Z,coin-,1681077439-37650-Windows_10_22H2,0,native,success,0,0
2023-01-03T22:34:10Z,coin-,1681077439-37650-Windows_10_22H2,0,native,success,0,0
2023-01-03T22:34:20Z,coin-,1681077439-37650-Windows_10_22H2,0,native,success,0,0
2023-01-03T22:34:30Z,coin-,1681077439-37650-Windows_10_22H2,0,native,success,0,0
2023-01-03T22:34:40Z,coin-,1681077439-37650-Windows_10_22H2,0,native,success,0,0
2023-01-03T22:34:51Z,coin-,1681077439-37650-Windows_10_22H2,0,native,success,0,0
2023-01-03T22:35:00Z,coin-,1681077439-37650-Windows_10_22H2,0,native,success,0,0
