time,exe,host,pid_count,pid_finder,result,result_code,running
2023-01-09T23:11:41Z,coin-,1681269718-15639-Windows_10_22H2,0,native,success,0,0
2023-01-09T23:11:50Z,coin-,1681269718-15639-Windows_10_22H2,0,native,success,0,0
2023-01-09T23:12:00Z,coin-,1681269718-15639-Windows_10_22H2,0,native,success,0,0
2023-01-09T23:12:10Z,coin-,1681269718-15639-Windows_10_22H2,0,native,success,0,0
2023-01-09T23:12:20Z,coin-,1681269718-15639-Windows_10_22H2,0,native,success,0,0
2023-01-09T23:12:30Z,coin-,1681269718-15639-Windows_10_22H2,0,native,success,0,0
2023-01-09T23:12:40Z,coin-,1681269718-15639-Windows_10_22H2,0,native,success,0,0
2023-01-09T23:12:50Z,coin-,1681269718-15639-Windows_10_22H2,0,native,success,0,0
2023-01-09T23:13:00Z,coin-,1681269718-15639-Windows_10_22H2,0,native,success,0,0
2023-01-09T23:13:10Z,coin-,1681269718-15639-Windows_10_22H2,0,native,success,0,0
2023-01-09T23:13:20Z,coin-,1681269718-15639-Windows_10_22H2,0,native,success,0,0
2023-01-09T23:13:30Z,coin-,1681269718-15639-Windows_10_22H2,0,native,success,0,0
