time,exe,host,pid_count,pid_finder,result,result_code,running
2023-01-03T00:54:50Z,coin-,1681077439-9083-Windows_10_22H2,0,native,success,0,0
2023-01-03T00:55:00Z,coin-,1681077439-9083-Windows_10_22H2,0,native,success,0,0
2023-01-03T00:55:10Z,coin-,1681077439-9083-Windows_10_22H2,0,native,success,0,0
2023-01-03T00:55:20Z,coin-,1681077439-9083-Windows_10_22H2,0,native,success,0,0
2023-01-03T00:55:30Z,coin-,1681077439-9083-Windows_10_22H2,0,native,success,0,0
2023-01-03T00:55:40Z,coin-,1681077439-9083-Windows_10_22H2,0,native,success,0,0
2023-01-03T00:55:50Z,coin-,1681077439-9083-Windows_10_22H2,0,native,success,0,0
2023-01-03T00:56:00Z,coin-,1681077439-9083-Windows_10_22H2,0,native,success,0,0
2023-01-03T00:56:10Z,coin-,1681077439-9083-Windows_10_22H2,0,native,success,0,0
2023-01-03T00:56:20Z,coin-,1681077439-9083-Windows_10_22H2,0,native,success,0,0
2023-01-03T00:56:30Z,coin-,1681077439-9083-Windows_10_22H2,0,native,success,0,0
2023-01-03T00:56:41Z,coin-,1681077439-9083-Windows_10_22H2,0,native,success,0,0
