time,exe,host,pid_count,pid_finder,result,result_code,running
2023-01-17T23:17:51Z,coin-,1681269718-175093-Windows_11_22H2,0,native,success,0,0
2023-01-17T23:18:00Z,coin-,1681269718-175093-Windows_11_22H2,0,native,success,0,0
2023-01-17T23:18:11Z,coin-,1681269718-175093-Windows_11_22H2,0,native,success,0,0
2023-01-17T23:18:21Z,coin-,1681269718-175093-Windows_11_22H2,0,native,success,0,0
2023-01-17T23:18:31Z,coin-,1681269718-175093-Windows_11_22H2,0,native,success,0,0
2023-01-17T23:18:41Z,coin-,1681269718-175093-Windows_11_22H2,0,native,success,0,0
2023-01-17T23:18:51Z,coin-,1681269718-175093-Windows_11_22H2,0,native,success,0,0
2023-01-17T23:19:01Z,coin-,1681269718-175093-Windows_11_22H2,0,native,success,0,0
2023-01-17T23:19:11Z,coin-,1681269718-175093-Windows_11_22H2,0,native,success,0,0
2023-01-17T23:19:21Z,coin-,1681269718-175093-Windows_11_22H2,0,native,success,0,0
2023-01-17T23:19:31Z,coin-,1681269718-175093-Windows_11_22H2,0,native,success,0,0
2023-01-17T23:19:41Z,coin-,1681269718-175093-Windows_11_22H2,0,native,success,0,0
