time,exe,host,pid_count,pid_finder,result,result_code,running
2023-01-01T13:00:10Z,coin-,1680445106-380040-Windows_10_22H2,0,native,success,0,0
2023-01-01T13:00:20Z,coin-,1680445106-380040-Windows_10_22H2,0,native,success,0,0
2023-01-01T13:00:30Z,coin-,1680445106-380040-Windows_10_22H2,0,native,success,0,0
2023-01-01T13:00:40Z,coin-,1680445106-380040-Windows_10_22H2,0,native,success,0,0
2023-01-01T13:00:50Z,coin-,1680445106-380040-Windows_10_22H2,0,native,success,0,0
2023-01-01T13:01:00Z,coin-,1680445106-380040-Windows_10_22H2,0,native,success,0,0
2023-01-01T13:01:10Z,coin-,1680445106-380040-Windows_10_22H2,0,native,success,0,0
2023-01-01T13:01:20Z,coin-,1680445106-380040-Windows_10_22H2,0,native,success,0,0
2023-01-01T13:01:30Z,coin-,1680445106-380040-Windows_10_22H2,0,native,success,0,0
2023-01-01T13:01:40Z,coin-,1680445106-380040-Windows_10_22H2,0,native,success,0,0
2023-01-01T13:01:50Z,coin-,1680445106-380040-Windows_10_22H2,0,native,success,0,0
2023-01-01T13:02:00Z,coin-,1680445106-380040-Windows_10_22H2,0,native,success,0,0
