time,exe,host,pid_count,pid_finder,result,result_code,running
2023-01-02T04:22:40Z,coin-,1680445106-384336-Windows_10_22H2,0,native,success,0,0
2023-01-02T04:22:50Z,coin-,1680445106-384336-Windows_10_22H2,0,native,success,0,0
2023-01-02T04:23:00Z,coin-,1680445106-384336-Windows_10_22H2,0,native,success,0,0
2023-01-02T04:23:10Z,coin-,1680445106-384336-Windows_10_22H2,0,native,success,0,0
2023-01-02T04:23:20Z,coin-,1680445106-384336-Windows_10_22H2,0,native,success,0,0
2023-01-02T04:23:30Z,coin-,1680445106-384336-Windows_10_22H2,0,native,success,0,0
2023-01-02T04:23:40Z,coin-,1680445106-384336-Windows_10_22H2,0,native,success,0,0
2023-01-02T04:23:50Z,coin-,1680445106-384336-Windows_10_22H2,0,native,success,0,0
2023-01-02T04:24:00Z,coin-,1680445106-384336-Windows_10_22H2,0,native,success,0,0
2023-01-02T04:24:10Z,coin-,1680445106-384336-Windows_10_22H2,0,native,success,0,0
2023-01-02T04:24:20Z,coin-,1680445106-384336-Windows_10_22H2,0,native,success,0,0
2023-01-02T04:24:30Z,coin-,1680445106-384336-Windows_10_22H2,0,native,success,0,0
