time,exe,host,pid_count,pid_finder,result,result_code,running
2023-01-17T15:48:30Z,coin-,1681269718-164223-Windows_11_22H2,0,native,success,0,0
2023-01-17T15:48:40Z,coin-,1681269718-164223-Windows_11_22H2,0,native,success,0,0
2023-01-17T15:48:50Z,coin-,1681269718-164223-Windows_11_22H2,0,native,success,0,0
2023-01-17T15:49:00Z,coin-,1681269718-164223-Windows_11_22H2,0,native,success,0,0
2023-01-17T15:49:10Z,coin-,1681269718-164223-Windows_11_22H2,0,native,success,0,0
2023-01-17T15:49:20Z,coin-,1681269718-164223-Windows_11_22H2,0,native,success,0,0
2023-01-17T15:49:30Z,coin-,1681269718-164223-Windows_11_22H2,0,native,success,0,0
2023-01-17T15:49:40Z,coin-,1681269718-164223-Windows_11_22H2,0,native,success,0,0
2023-01-17T15:49:50Z,coin-,1681269718-164223-Windows_11_22H2,0,native,success,0,0
2023-01-17T15:50:00Z,coin-,1681269718-164223-Windows_11_22H2,0,native,success,0,0
2023-01-17T15:50:10Z,coin-,1681269718-164223-Windows_11_22H2,0,native,success,0,0
2023-01-17T15:50:21Z,coin-,1681269718-164223-Windows_11_22H2,0,native,success,0,0
