time,exe,host,pid_count,pid_finder,result,result_code,running
2023-01-17T19:07:00Z,coin-,1681269718-168551-Windows_11_22H2,0,native,success,0,0
2023-01-17T19:07:10Z,coin-,1681269718-168551-Windows_11_22H2,0,native,success,0,0
2023-01-17T19:07:20Z,coin-,1681269718-168551-Windows_11_22H2,0,native,success,0,0
2023-01-17T19:07:30Z,coin-,1681269718-168551-Windows_11_22H2,0,native,success,0,0
2023-01-17T19:07:40Z,coin-,1681269718-168551-Windows_11_22H2,0,native,success,0,0
2023-01-17T19:07:51Z,coin-,1681269718-168551-Windows_11_22H2,0,native,success,0,0
2023-01-17T19:08:01Z,coin-,1681269718-168551-Windows_11_22H2,0,native,success,0,0
2023-01-17T19:08:10Z,coin-,1681269718-168551-Windows_11_22H2,0,native,success,0,0
2023-01-17T19:08:20Z,coin-,1681269718-168551-Windows_11_22H2,0,native,success,0,0
2023-01-17T19:08:30Z,coin-,1681269718-168551-Windows_11_22H2,0,native,success,0,0
2023-01-17T19:08:40Z,coin-,1681269718-168551-Windows_11_22H2,0,native,success,0,0
2023-01-17T19:08:51Z,coin-,1681269718-168551-Windows_11_22H2,0,native,success,0,0
