time,exe,host,pid_count,pid_finder,result,result_code,running
2023-01-11T23:22:20Z,coin-,1681269718-60349-Windows_11_22H2,0,native,success,0,0
2023-01-11T23:22:30Z,coin-,1681269718-60349-Windows_11_22H2,0,native,success,0,0
2023-01-11T23:22:40Z,coin-,1681269718-60349-Windows_11_22H2,0,native,success,0,0
2023-01-11T23:22:50Z,coin-,1681269718-60349-Windows_11_22H2,0,native,success,0,0
2023-01-11T23:23:00Z,coin-,1681269718-60349-Windows_11_22H2,0,native,success,0,0
2023-01-11T23:23:10Z,coin-,1681269718-60349-Windows_11_22H2,0,native,success,0,0
2023-01-11T23:23:20Z,coin-,1681269718-60349-Windows_11_22H2,0,native,success,0,0
2023-01-11T23:23:30Z,coin-,1681269718-60349-Windows_11_22H2,0,native,success,0,0
2023-01-11T23:23:40Z,coin-,1681269718-60349-Windows_11_22H2,0,native,success,0,0
2023-01-11T23:23:50Z,coin-,1681269718-60349-Windows_11_22H2,0,native,success,0,0
2023-01-11T23:24:00Z,coin-,1681269718-60349-Windows_11_22H2,0,native,success,0,0
2023-01-11T23:24:11Z,coin-,1681269718-60349-Windows_11_22H2,0,native,success,0,0
