time,exe,host,pid_count,pid_finder,result,result_code,running
2023-01-13T22:34:30Z,coin-,1681269718-111289-Windows_10_22H2,0,native,success,0,0
2023-01-13T22:34:40Z,coin-,1681269718-111289-Windows_10_22H2,0,native,success,0,0
2023-01-13T22:34:50Z,coin-,1681269718-111289-Windows_10_22H2,0,native,success,0,0
2023-01-13T22:35:00Z,coin-,1681269718-111289-Windows_10_22H2,0,native,success,0,0
2023-01-13T22:35:10Z,coin-,1681269718-111289-Windows_10_22H2,0,native,success,0,0
2023-01-13T22:35:20Z,coin-,1681269718-111289-Windows_10_22H2,0,native,success,0,0
2023-01-13T22:35:30Z,coin-,1681269718-111289-Windows_10_22H2,0,native,success,0,0
2023-01-13T22:35:40Z,coin-,1681269718-111289-Windows_10_22H2,0,native,success,0,0
2023-01-13T22:35:50Z,coin-,1681269718-111289-Windows_10_22H2,0,native,success,0,0
2023-01-13T22:36:00Z,coin-,1681269718-111289-Windows_10_22H2,0,native,success,0,0
2023-01-13T22:36:10Z,coin-,1681269718-111289-Windows_10_22H2,0,native,success,0,0
2023-01-13T22:36:20Z,coin-,1681269718-111289-Windows_10_22H2,0,native,success,0,0
