time,exe,host,pid_count,pid_finder,result,result_code,running
2023-01-10T00:52:40Z,coin-,1681269718-17678-Windows_10_22H2,0,native,success,0,0
2023-01-10T00:52:50Z,coin-,1681269718-17678-Windows_10_22H2,0,native,success,0,0
2023-01-10T00:53:00Z,coin-,1681269718-17678-Windows_10_22H2,0,native,success,0,0
2023-01-10T00:53:10Z,coin-,1681269718-17678-Windows_10_22H2,0,native,success,0,0
2023-01-10T00:53:20Z,coin-,1681269718-17678-Windows_10_22H2,0,native,success,0,0
2023-01-10T00:53:30Z,coin-,1681269718-17678-Windows_10_22H2,0,native,success,0,0
2023-01-10T00:53:40Z,coin-,1681269718-17678-Windows_10_22H2,0,native,success,0,0
2023-01-10T00:53:50Z,coin-,1681269718-17678-Windows_10_22H2,0,native,success,0,0
2023-01-10T00:54:00Z,coin-,1681269718-17678-Windows_10_22H2,0,native,success,0,0
2023-01-10T00:54:10Z,coin-,1681269718-17678-Windows_10_22H2,0,native,success,0,0
2023-01-10T00:54:20Z,coin-,1681269718-17678-Windows_10_22H2,0,native,success,0,0
2023-01-10T00:54:30Z,coin-,1681269718-17678-Windows_10_22H2,0,native,success,0,0
