time,exe,host,pid_count,pid_finder,result,result_code,running
2023-01-12T17:04:10Z,coin-,1681269718-80614-Windows_10_22H2,0,native,success,0,0
2023-01-12T17:04:20Z,coin-,1681269718-80614-Windows_10_22H2,0,native,success,0,0
2023-01-12T17:04:30Z,coin-,1681269718-80614-Windows_10_22H2,0,native,success,0,0
2023-01-12T17:04:40Z,coin-,1681269718-80614-Windows_10_22H2,0,native,success,0,0
2023-01-12T17:04:50Z,coin-,1681269718-80614-Windows_10_22H2,0,native,success,0,0
2023-01-12T17:05:00Z,coin-,1681269718-80614-Windows_10_22H2,0,native,success,0,0
2023-01-12T17:05:10Z,coin-,1681269718-80614-Windows_10_22H2,0,native,success,0,0
2023-01-12T17:05:20Z,coin-,1681269718-80614-Windows_10_22H2,0,native,success,0,0
2023-01-12T17:05:30Z,coin-,1681269718-80614-Windows_10_22H2,0,native,success,0,0
2023-01-12T17:05:40Z,coin-,1681269718-80614-Windows_10_22H2,0,native,success,0,0
2023-01-12T17:05:50Z,coin-,1681269718-80614-Windows_10_22H2,0,native,success,0,0
2023-01-12T17:06:00Z,coin-,1681269718-80614-Windows_10_22H2,0,native,success,0,0
2023-01-12T17:06:10Z,coin-,1681269718-80614-Windows_10_22H2,0,native,success,0,0
