time,exe,host,pid_count,pid_finder,result,result_code,running
2023-01-18T01:39:40Z,coin-,1681269718-178820-Windows_11_22H2,0,native,success,0,0
2023-01-18T01:39:51Z,coin-,1681269718-178820-Windows_11_22H2,0,native,success,0,0
2023-01-18T01:40:01Z,coin-,1681269718-178820-Windows_11_22H2,0,native,success,0,0
2023-01-18T01:40:11Z,coin-,1681269718-178820-Windows_11_22H2,0,native,success,0,0
2023-01-18T01:40:21Z,coin-,1681269718-178820-Windows_11_22H2,0,native,success,0,0
2023-01-18T01:40:31Z,coin-,1681269718-178820-Windows_11_22H2,0,native,success,0,0
2023-01-18T01:40:41Z,coin-,1681269718-178820-Windows_11_22H2,0,native,success,0,0
2023-01-18T01:40:51Z,coin-,1681269718-178820-Windows_11_22H2,0,native,success,0,0
2023-01-18T01:41:00Z,coin-,1681269718-178820-Windows_11_22H2,0,native,success,0,0
2023-01-18T01:41:10Z,coin-,1681269718-178820-Windows_11_22H2,0,native,success,0,0
2023-01-18T01:41:20Z,coin-,1681269718-178820-Windows_11_22H2,0,native,success,0,0
2023-01-18T01:41:30Z,coin-,1681269718-178820-Windows_11_22H2,0,native,success,0,0
