time,exe,host,pid_count,pid_finder,result,result_code,running
2023-01-03T09:52:00Z,coin-,1681077439-18547-Windows_10_22H2,0,native,success,0,0
2023-01-03T09:52:10Z,coin-,1681077439-18547-Windows_10_22H2,0,native,success,0,0
2023-01-03T09:52:20Z,coin-,1681077439-18547-Windows_10_22H2,0,native,success,0,0
2023-01-03T09:52:30Z,coin-,1681077439-18547-Windows_10_22H2,0,native,success,0,0
2023-01-03T09:52:40Z,coin-,1681077439-18547-Windows_10_22H2,0,native,success,0,0
2023-01-03T09:52:50Z,coin-,1681077439-18547-Windows_10_22H2,0,native,success,0,0
2023-01-03T09:53:00Z,coin-,1681077439-18547-Windows_10_22H2,0,native,success,0,0
2023-01-03T09:53:10Z,coin-,1681077439-18547-Windows_10_22H2,0,native,success,0,0
2023-01-03T09:53:20Z,coin-,1681077439-18547-Windows_10_22H2,0,native,success,0,0
2023-01-03T09:53:30Z,coin-,1681077439-18547-Windows_10_22H2,0,native,success,0,0
2023-01-03T09:53:40Z,coin-,1681077439-18547-Windows_10_22H2,0,native,success,0,0
2023-01-03T09:53:50Z,coin-,1681077439-18547-Windows_10_22H2,0,native,success,0,0
