time,exe,host,pid_count,pid_finder,result,result_code,running
2023-01-05T12:16:20Z,coin-,1681184973-9080-Windows_10_22H2,0,native,success,0,0
2023-01-05T12:16:30Z,coin-,1681184973-9080-Windows_10_22H2,0,native,success,0,0
2023-01-05T12:16:40Z,coin-,1681184973-9080-Windows_10_22H2,0,native,success,0,0
2023-01-05T12:16:50Z,coin-,1681184973-9080-Windows_10_22H2,0,native,success,0,0
2023-01-05T12:17:00Z,coin-,1681184973-9080-Windows_10_22H2,0,native,success,0,0
2023-01-05T12:17:10Z,coin-,1681184973-9080-Windows_10_22H2,0,native,success,0,0
2023-01-05T12:17:20Z,coin-,1681184973-9080-Windows_10_22H2,0,native,success,0,0
2023-01-05T12:17:30Z,coin-,1681184973-9080-Windows_10_22H2,0,native,success,0,0
2023-01-05T12:17:40Z,coin-,1681184973-9080-Windows_10_22H2,0,native,success,0,0
2023-01-05T12:17:50Z,coin-,1681184973-9080-Windows_10_22H2,0,native,success,0,0
2023-01-05T12:18:00Z,coin-,1681184973-9080-Windows_10_22H2,0,native,success,0,0
2023-01-05T12:18:10Z,coin-,1681184973-9080-Windows_10_22H2,0,native,success,0,0
