time,exe,host,pid_count,pid_finder,result,result_code,running
2023-01-13T17:33:00Z,coin-,1681269718-104823-Windows_10_22H2,0,native,success,0,0
2023-01-13T17:33:10Z,coin-,1681269718-104823-Windows_10_22H2,0,native,success,0,0
2023-01-13T17:33:20Z,coin-,1681269718-104823-Windows_10_22H2,0,native,success,0,0
2023-01-13T17:33:30Z,coin-,1681269718-104823-Windows_10_22H2,0,native,success,0,0
2023-01-13T17:33:40Z,coin-,1681269718-104823-Windows_10_22H2,0,native,success,0,0
2023-01-13T17:33:51Z,coin-,1681269718-104823-Windows_10_22H2,0,native,success,0,0
2023-01-13T17:34:00Z,coin-,1681269718-104823-Windows_10_22H2,0,native,success,0,0
2023-01-13T17:34:10Z,coin-,1681269718-104823-Windows_10_22H2,0,native,success,0,0
2023-01-13T17:34:20Z,coin-,1681269718-104823-Windows_10_22H2,0,native,success,0,0
2023-01-13T17:34:30Z,coin-,1681269718-104823-Windows_10_22H2,0,native,success,0,0
2023-01-13T17:34:40Z,coin-,1681269718-104823-Windows_10_22H2,0,native,success,0,0
2023-01-13T17:34:50Z,coin-,1681269718-104823-Windows_10_22H2,0,native,success,0,0
