time,exe,host,pid_count,pid_finder,result,result_code,running
2023-01-13T03:38:40Z,coin-,1681269718-88815-Windows_10_22H2,0,native,success,0,0
2023-01-13T03:38:50Z,coin-,1681269718-88815-Windows_10_22H2,0,native,success,0,0
2023-01-13T03:39:00Z,coin-,1681269718-88815-Windows_10_22H2,0,native,success,0,0
2023-01-13T03:39:10Z,coin-,1681269718-88815-Windows_10_22H2,0,native,success,0,0
2023-01-13T03:39:20Z,coin-,1681269718-88815-Windows_10_22H2,0,native,success,0,0
2023-01-13T03:39:30Z,coin-,1681269718-88815-Windows_10_22H2,0,native,success,0,0
2023-01-13T03:39:40Z,coin-,1681269718-88815-Windows_10_22H2,0,native,success,0,0
2023-01-13T03:39:50Z,coin-,1681269718-88815-Windows_10_22H2,0,native,success,0,0
2023-01-13T03:40:00Z,coin-,1681269718-88815-Windows_10_22H2,0,native,success,0,0
2023-01-13T03:40:10Z,coin-,1681269718-88815-Windows_10_22H2,0,native,success,0,0
2023-01-13T03:40:20Z,coin-,1681269718-88815-Windows_10_22H2,0,native,success,0,0
2023-01-13T03:40:30Z,coin-,1681269718-88815-Windows_10_22H2,0,native,success,0,0
