time,exe,host,pid_count,pid_finder,result,result_code,running
2023-01-12T11:06:30Z,coin-,1681269718-69902-Windows_11_22H2,0,native,success,0,0
2023-01-12T11:06:41Z,coin-,1681269718-69902-Windows_11_22H2,0,native,success,0,0
2023-01-12T11:06:50Z,coin-,1681269718-69902-Windows_11_22H2,0,native,success,0,0
2023-01-12T11:07:01Z,coin-,1681269718-69902-Windows_11_22H2,0,native,success,0,0
2023-01-12T11:07:11Z,coin-,1681269718-69902-Windows_11_22H2,0,native,success,0,0
2023-01-12T11:07:21Z,coin-,1681269718-69902-Windows_11_22H2,0,native,success,0,0
2023-01-12T11:07:32Z,coin-,1681269718-69902-Windows_11_22H2,0,native,success,0,0
2023-01-12T11:07:41Z,coin-,1681269718-69902-Windows_11_22H2,0,native,success,0,0
2023-01-12T11:07:51Z,coin-,1681269718-69902-Windows_11_22H2,0,native,success,0,0
2023-01-12T11:08:00Z,coin-,1681269718-69902-Windows_11_22H2,0,native,success,0,0
2023-01-12T11:08:10Z,coin-,1681269718-69902-Windows_11_22H2,0,native,success,0,0
2023-01-12T11:08:20Z,coin-,1681269718-69902-Windows_11_22H2,0,native,success,0,0
