time,exe,host,pid_count,pid_finder,result,result_code,running
2023-01-11T09:40:01Z,coin-,1681269718-47168-Windows_11_22H2,0,native,success,0,0
2023-01-11T09:40:11Z,coin-,1681269718-47168-Windows_11_22H2,0,native,success,0,0
2023-01-11T09:40:20Z,coin-,1681269718-47168-Windows_11_22H2,0,native,success,0,0
2023-01-11T09:40:31Z,coin-,1681269718-47168-Windows_11_22H2,0,native,success,0,0
2023-01-11T09:40:41Z,coin-,1681269718-47168-Windows_11_22H2,0,native,success,0,0
2023-01-11T09:40:50Z,coin-,1681269718-47168-Windows_11_22H2,0,native,success,0,0
2023-01-11T09:41:01Z,coin-,1681269718-47168-Windows_11_22H2,0,native,success,0,0
2023-01-11T09:41:11Z,coin-,1681269718-47168-Windows_11_22H2,0,native,success,0,0
2023-01-11T09:41:20Z,coin-,1681269718-47168-Windows_11_22H2,0,native,success,0,0
2023-01-11T09:41:30Z,coin-,1681269718-47168-Windows_11_22H2,0,native,success,0,0
2023-01-11T09:41:40Z,coin-,1681269718-47168-Windows_11_22H2,0,native,success,0,0
2023-01-11T09:41:51Z,coin-,1681269718-47168-Windows_11_22H2,0,native,success,0,0
