time,exe,host,pid_count,pid_finder,result,result_code,running
2023-01-01T13:19:10Z,coin-,1680445106-380058-Windows_10_22H2,0,native,success,0,0
2023-01-01T13:19:20Z,coin-,1680445106-380058-Windows_10_22H2,0,native,success,0,0
2023-01-01T13:19:30Z,coin-,1680445106-380058-Windows_10_22H2,0,native,success,0,0
2023-01-01T13:19:40Z,coin-,1680445106-380058-Windows_10_22H2,0,native,success,0,0
2023-01-01T13:19:50Z,coin-,1680445106-380058-Windows_10_22H2,0,native,success,0,0
2023-01-01T13:20:00Z,coin-,1680445106-380058-Windows_10_22H2,0,native,success,0,0
2023-01-01T13:20:10Z,coin-,1680445106-380058-Windows_10_22H2,0,native,success,0,0
2023-01-01T13:20:20Z,coin-,1680445106-380058-Windows_10_22H2,0,native,success,0,0
2023-01-01T13:20:30Z,coin-,1680445106-380058-Windows_10_22H2,0,native,success,0,0
2023-01-01T13:20:40Z,coin-,1680445106-380058-Windows_10_22H2,0,native,success,0,0
2023-01-01T13:20:50Z,coin-,1680445106-380058-Windows_10_22H2,0,native,success,0,0
2023-01-01T13:21:00Z,coin-,1680445106-380058-Windows_10_22H2,0,native,success,0,0
