time,exe,host,pid_count,pid_finder,result,result_code,running
2023-01-12T16:43:30Z,coin-,1681269718-80319-Windows_10_22H2,0,native,success,0,0
2023-01-12T16:43:40Z,coin-,1681269718-80319-Windows_10_22H2,0,native,success,0,0
2023-01-12T16:43:50Z,coin-,1681269718-80319-Windows_10_22H2,0,native,success,0,0
2023-01-12T16:44:00Z,coin-,1681269718-80319-Windows_10_22H2,0,native,success,0,0
2023-01-12T16:44:10Z,coin-,1681269718-80319-Windows_10_22H2,0,native,success,0,0
2023-01-12T16:44:20Z,coin-,1681269718-80319-Windows_10_22H2,0,native,success,0,0
2023-01-12T16:44:30Z,coin-,1681269718-80319-Windows_10_22H2,0,native,success,0,0
2023-01-12T16:44:41Z,coin-,1681269718-80319-Windows_10_22H2,0,native,success,0,0
2023-01-12T16:44:50Z,coin-,1681269718-80319-Windows_10_22H2,0,native,success,0,0
2023-01-12T16:45:00Z,coin-,1681269718-80319-Windows_10_22H2,0,native,success,0,0
2023-01-12T16:45:10Z,coin-,1681269718-80319-Windows_10_22H2,0,native,success,0,0
2023-01-12T16:45:20Z,coin-,1681269718-80319-Windows_10_22H2,0,native,success,0,0
2023-01-12T16:45:30Z,coin-,1681269718-80319-Windows_10_22H2,0,native,success,0,0
