time,exe,host,pid_count,pid_finder,result,result_code,running
2023-01-17T03:13:00Z,coin-,1681269718-146896-Windows_11_22H2,0,native,success,0,0
2023-01-17T03:13:10Z,coin-,1681269718-146896-Windows_11_22H2,0,native,success,0,0
2023-01-17T03:13:20Z,coin-,1681269718-146896-Windows_11_22H2,0,native,success,0,0
2023-01-17T03:13:30Z,coin-,1681269718-146896-Windows_11_22H2,0,native,success,0,0
2023-01-17T03:13:41Z,coin-,1681269718-146896-Windows_11_22H2,0,native,success,0,0
2023-01-17T03:13:50Z,coin-,1681269718-146896-Windows_11_22H2,0,native,success,0,0
2023-01-17T03:14:01Z,coin-,1681269718-146896-Windows_11_22H2,0,native,success,0,0
2023-01-17T03:14:10Z,coin-,1681269718-146896-Windows_11_22H2,0,native,success,0,0
2023-01-17T03:14:20Z,coin-,1681269718-146896-Windows_11_22H2,0,native,success,0,0
2023-01-17T03:14:30Z,coin-,1681269718-146896-Windows_11_22H2,0,native,success,0,0
2023-01-17T03:14:41Z,coin-,1681269718-146896-Windows_11_22H2,0,native,success,0,0
2023-01-17T03:14:50Z,coin-,1681269718-146896-Windows_11_22H2,0,native,success,0,0
