time,exe,host,pid_count,pid_finder,result,result_code,running
2023-01-17T16:40:51Z,coin-,1681269718-164468-Windows_11_22H2,0,native,success,0,0
2023-01-17T16:41:01Z,coin-,1681269718-164468-Windows_11_22H2,0,native,success,0,0
2023-01-17T16:41:11Z,coin-,1681269718-164468-Windows_11_22H2,0,native,success,0,0
2023-01-17T16:41:21Z,coin-,1681269718-164468-Windows_11_22H2,0,native,success,0,0
2023-01-17T16:41:31Z,coin-,1681269718-164468-Windows_11_22H2,0,native,success,0,0
2023-01-17T16:41:41Z,coin-,1681269718-164468-Windows_11_22H2,0,native,success,0,0
2023-01-17T16:41:51Z,coin-,1681269718-164468-Windows_11_22H2,0,native,success,0,0
2023-01-17T16:42:00Z,coin-,1681269718-164468-Windows_11_22H2,0,native,success,0,0
2023-01-17T16:42:11Z,coin-,1681269718-164468-Windows_11_22H2,0,native,success,0,0
2023-01-17T16:42:20Z,coin-,1681269718-164468-Windows_11_22H2,0,native,success,0,0
2023-01-17T16:42:31Z,coin-,1681269718-164468-Windows_11_22H2,0,native,success,0,0
2023-01-17T16:42:40Z,coin-,1681269718-164468-Windows_11_22H2,0,native,success,0,0
