time,exe,host,pid_count,pid_finder,result,result_code,running
2023-01-04T20:40:30Z,coin-,1681077439-65745-Windows_10_22H2,0,native,success,0,0
2023-01-04T20:40:40Z,coin-,1681077439-65745-Windows_10_22H2,0,native,success,0,0
2023-01-04T20:40:50Z,coin-,1681077439-65745-Windows_10_22H2,0,native,success,0,0
2023-01-04T20:41:00Z,coin-,1681077439-65745-Windows_10_22H2,0,native,success,0,0
2023-01-04T20:41:10Z,coin-,1681077439-65745-Windows_10_22H2,0,native,success,0,0
2023-01-04T20:41:20Z,coin-,1681077439-65745-Windows_10_22H2,0,native,success,0,0
2023-01-04T20:41:30Z,coin-,1681077439-65745-Windows_10_22H2,0,native,success,0,0
2023-01-04T20:41:40Z,coin-,1681077439-65745-Windows_10_22H2,0,native,success,0,0
2023-01-04T20:41:50Z,coin-,1681077439-65745-Windows_10_22H2,0,native,success,0,0
2023-01-04T20:42:00Z,coin-,1681077439-65745-Windows_10_22H2,0,native,success,0,0
2023-01-04T20:42:10Z,coin-,1681077439-65745-Windows_10_22H2,0,native,success,0,0
2023-01-04T20:42:20Z,coin-,1681077439-65745-Windows_10_22H2,0,native,success,0,0
