time,exe,host,pid_count,pid_finder,result,result_code,running
2023-01-02T19:36:20Z,coin-,1681077439-1754-Windows_10_22H2,0,native,success,0,0
2023-01-02T19:36:30Z,coin-,1681077439-1754-Windows_10_22H2,0,native,success,0,0
2023-01-02T19:36:40Z,coin-,1681077439-1754-Windows_10_22H2,0,native,success,0,0
2023-01-02T19:36:50Z,coin-,1681077439-1754-Windows_10_22H2,0,native,success,0,0
2023-01-02T19:37:00Z,coin-,1681077439-1754-Windows_10_22H2,0,native,success,0,0
2023-01-02T19:37:10Z,coin-,1681077439-1754-Windows_10_22H2,0,native,success,0,0
2023-01-02T19:37:20Z,coin-,1681077439-1754-Windows_10_22H2,0,native,success,0,0
2023-01-02T19:37:30Z,coin-,1681077439-1754-Windows_10_22H2,0,native,success,0,0
2023-01-02T19:37:40Z,coin-,1681077439-1754-Windows_10_22H2,0,native,success,0,0
2023-01-02T19:37:50Z,coin-,1681077439-1754-Windows_10_22H2,0,native,success,0,0
2023-01-02T19:38:00Z,coin-,1681077439-1754-Windows_10_22H2,0,native,success,0,0
2023-01-02T19:38:10Z,coin-,1681077439-1754-Windows_10_22H2,0,native,success,0,0
