time,exe,host,pid_count,pid_finder,result,result_code,running
2023-01-02T16:30:40Z,coin-,1680445106-396159-Windows_10_22H2,0,native,success,0,0
2023-01-02T16:30:50Z,coin-,1680445106-396159-Windows_10_22H2,0,native,success,0,0
2023-01-02T16:31:00Z,coin-,1680445106-396159-Windows_10_22H2,0,native,success,0,0
2023-01-02T16:31:10Z,coin-,1680445106-396159-Windows_10_22H2,0,native,success,0,0
2023-01-02T16:31:20Z,coin-,1680445106-396159-Windows_10_22H2,0,native,success,0,0
2023-01-02T16:31:30Z,coin-,1680445106-396159-Windows_10_22H2,0,native,success,0,0
2023-01-02T16:31:40Z,coin-,1680445106-396159-Windows_10_22H2,0,native,success,0,0
2023-01-02T16:31:50Z,coin-,1680445106-396159-Windows_10_22H2,0,native,success,0,0
2023-01-02T16:32:00Z,coin-,1680445106-396159-Windows_10_22H2,0,native,success,0,0
2023-01-02T16:32:10Z,coin-,1680445106-396159-Windows_10_22H2,0,native,success,0,0
2023-01-02T16:32:20Z,coin-,1680445106-396159-Windows_10_22H2,0,native,success,0,0
2023-01-02T16:32:30Z,coin-,1680445106-396159-Windows_10_22H2,0,native,success,0,0
