time,exe,host,pid_count,pid_finder,result,result_code,running
2023-01-13T04:14:20Z,coin-,1681269718-89371-Windows_10_22H2,0,native,success,0,0
2023-01-13T04:14:30Z,coin-,1681269718-89371-Windows_10_22H2,0,native,success,0,0
2023-01-13T04:14:40Z,coin-,1681269718-89371-Windows_10_22H2,0,native,success,0,0
2023-01-13T04:14:50Z,coin-,1681269718-89371-Windows_10_22H2,0,native,success,0,0
2023-01-13T04:15:00Z,coin-,1681269718-89371-Windows_10_22H2,0,native,success,0,0
2023-01-13T04:15:10Z,coin-,1681269718-89371-Windows_10_22H2,0,native,success,0,0
2023-01-13T04:15:20Z,coin-,1681269718-89371-Windows_10_22H2,0,native,success,0,0
2023-01-13T04:15:30Z,coin-,1681269718-89371-Windows_10_22H2,0,native,success,0,0
2023-01-13T04:15:40Z,coin-,1681269718-89371-Windows_10_22H2,0,native,success,0,0
2023-01-13T04:15:50Z,coin-,1681269718-89371-Windows_10_22H2,0,native,success,0,0
2023-01-13T04:16:00Z,coin-,1681269718-89371-Windows_10_22H2,0,native,success,0,0
2023-01-13T04:16:10Z,coin-,1681269718-89371-Windows_10_22H2,0,native,success,0,0
