time,exe,host,pid_count,pid_finder,result,result_code,running
2023-01-16T19:13:30Z,coin-,1681269718-141027-Windows_11_22H2,0,native,success,0,0
2023-01-16T19:13:40Z,coin-,1681269718-141027-Windows_11_22H2,0,native,success,0,0
2023-01-16T19:13:51Z,coin-,1681269718-141027-Windows_11_22H2,0,native,success,0,0
2023-01-16T19:14:01Z,coin-,1681269718-141027-Windows_11_22H2,0,native,success,0,0
2023-01-16T19:14:11Z,coin-,1681269718-141027-Windows_11_22H2,0,native,success,0,0
2023-01-16T19:14:20Z,coin-,1681269718-141027-Windows_11_22H2,0,native,success,0,0
2023-01-16T19:14:31Z,coin-,1681269718-141027-Windows_11_22H2,0,native,success,0,0
2023-01-16T19:14:40Z,coin-,1681269718-141027-Windows_11_22H2,0,native,success,0,0
2023-01-16T19:14:50Z,coin-,1681269718-141027-Windows_11_22H2,0,native,success,0,0
2023-01-16T19:15:00Z,coin-,1681269718-141027-Windows_11_22H2,0,native,success,0,0
2023-01-16T19:15:11Z,coin-,1681269718-141027-Windows_11_22H2,0,native,success,0,0
2023-01-16T19:15:20Z,coin-,1681269718-141027-Windows_11_22H2,0,native,success,0,0
