time,exe,host,pid_count,pid_finder,result,result_code,running
2023-01-16T23:52:10Z,coin-,1681269718-144547-Windows_11_22H2,0,native,success,0,0
2023-01-16T23:52:20Z,coin-,1681269718-144547-Windows_11_22H2,0,native,success,0,0
2023-01-16T23:52:31Z,coin-,1681269718-144547-Windows_11_22H2,0,native,success,0,0
2023-01-16T23:52:41Z,coin-,1681269718-144547-Windows_11_22H2,0,native,success,0,0
2023-01-16T23:52:51Z,coin-,1681269718-144547-Windows_11_22H2,0,native,success,0,0
2023-01-16T23:53:00Z,coin-,1681269718-144547-Windows_11_22H2,0,native,success,0,0
2023-01-16T23:53:11Z,coin-,1681269718-144547-Windows_11_22H2,0,native,success,0,0
2023-01-16T23:53:20Z,coin-,1681269718-144547-Windows_11_22H2,0,native,success,0,0
2023-01-16T23:53:30Z,coin-,1681269718-144547-Windows_11_22H2,0,native,success,0,0
2023-01-16T23:53:40Z,coin-,1681269718-144547-Windows_11_22H2,0,native,success,0,0
2023-01-16T23:53:50Z,coin-,1681269718-144547-Windows_11_22H2,0,native,success,0,0
2023-01-16T23:54:01Z,coin-,1681269718-144547-Windows_11_22H2,0,native,success,0,0
