time,exe,host,pid_count,pid_finder,result,result_code,running
2023-01-12T23:53:20Z,coin-,1681269718-86363-Windows_10_22H2,0,native,success,0,0
2023-01-12T23:53:30Z,coin-,1681269718-86363-Windows_10_22H2,0,native,success,0,0
2023-01-12T23:53:40Z,coin-,1681269718-86363-Windows_10_22H2,0,native,success,0,0
2023-01-12T23:53:50Z,coin-,1681269718-86363-Windows_10_22H2,0,native,success,0,0
2023-01-12T23:54:00Z,coin-,1681269718-86363-Windows_10_22H2,0,native,success,0,0
2023-01-12T23:54:10Z,coin-,1681269718-86363-Windows_10_22H2,0,native,success,0,0
2023-01-12T23:54:20Z,coin-,1681269718-86363-Windows_10_22H2,0,native,success,0,0
2023-01-12T23:54:30Z,coin-,1681269718-86363-Windows_10_22H2,0,native,success,0,0
2023-01-12T23:54:40Z,coin-,1681269718-86363-Windows_10_22H2,0,native,success,0,0
2023-01-12T23:54:50Z,coin-,1681269718-86363-Windows_10_22H2,0,native,success,0,0
2023-01-12T23:55:00Z,coin-,1681269718-86363-Windows_10_22H2,0,native,success,0,0
2023-01-12T23:55:10Z,coin-,1681269718-86363-Windows_10_22H2,0,native,success,0,0
