time,exe,host,pid_count,pid_finder,result,result_code,running
2023-01-16T11:01:30Z,coin-,1681269718-129482-Windows_11_22H2,0,native,success,0,0
2023-01-16T11:01:41Z,coin-,1681269718-129482-Windows_11_22H2,0,native,success,0,0
2023-01-16T11:01:51Z,coin-,1681269718-129482-Windows_11_22H2,0,native,success,0,0
2023-01-16T11:02:00Z,coin-,1681269718-129482-Windows_11_22H2,0,native,success,0,0
2023-01-16T11:02:11Z,coin-,1681269718-129482-Windows_11_22H2,0,native,success,0,0
2023-01-16T11:02:21Z,coin-,1681269718-129482-Windows_11_22H2,0,native,success,0,0
2023-01-16T11:02:31Z,coin-,1681269718-129482-Windows_11_22H2,0,native,success,0,0
2023-01-16T11:02:41Z,coin-,1681269718-129482-Windows_11_22H2,0,native,success,0,0
2023-01-16T11:02:50Z,coin-,1681269718-129482-Windows_11_22H2,0,native,success,0,0
2023-01-16T11:03:00Z,coin-,1681269718-129482-Windows_11_22H2,0,native,success,0,0
2023-01-16T11:03:11Z,coin-,1681269718-129482-Windows_11_22H2,0,native,success,0,0
2023-01-16T11:03:20Z,coin-,1681269718-129482-Windows_11_22H2,0,native,success,0,0
