time,exe,host,pid_count,pid_finder,result,result_code,running
2023-01-10T22:11:10Z,coin-,1681269718-41502-Windows_11_22H2,0,native,success,0,0
2023-01-10T22:11:21Z,coin-,1681269718-41502-Windows_11_22H2,0,native,success,0,0
2023-01-10T22:11:31Z,coin-,1681269718-41502-Windows_11_22H2,0,native,success,0,0
2023-01-10T22:11:41Z,coin-,1681269718-41502-Windows_11_22H2,0,native,success,0,0
2023-01-10T22:11:51Z,coin-,1681269718-41502-Windows_11_22H2,0,native,success,0,0
2023-01-10T22:12:01Z,coin-,1681269718-41502-Windows_11_22H2,0,native,success,0,0
2023-01-10T22:12:11Z,coin-,1681269718-41502-Windows_11_22H2,0,native,success,0,0
2023-01-10T22:12:20Z,coin-,1681269718-41502-Windows_11_22H2,0,native,success,0,0
2023-01-10T22:12:31Z,coin-,1681269718-41502-Windows_11_22H2,0,native,success,0,0
2023-01-10T22:12:41Z,coin-,1681269718-41502-Windows_11_22H2,0,native,success,0,0
2023-01-10T22:12:51Z,coin-,1681269718-41502-Windows_11_22H2,0,native,success,0,0
2023-01-10T22:13:00Z,coin-,1681269718-41502-Windows_11_22H2,0,native,success,0,0
