time,exe,host,pid_count,pid_finder,result,result_code,running
2023-01-03T00:21:10Z,coin-,1681077439-8069-Windows_10_22H2,0,native,success,0,0
2023-01-03T00:21:20Z,coin-,1681077439-8069-Windows_10_22H2,0,native,success,0,0
2023-01-03T00:21:30Z,coin-,1681077439-8069-Windows_10_22H2,0,native,success,0,0
2023-01-03T00:21:40Z,coin-,1681077439-8069-Windows_10_22H2,0,native,success,0,0
2023-01-03T00:21:50Z,coin-,1681077439-8069-Windows_10_22H2,0,native,success,0,0
2023-01-03T00:22:00Z,coin-,1681077439-8069-Windows_10_22H2,0,native,success,0,0
2023-01-03T00:22:10Z,coin-,1681077439-8069-Windows_10_22H2,0,native,success,0,0
2023-01-03T00:22:20Z,coin-,1681077439-8069-Windows_10_22H2,0,native,success,0,0
2023-01-03T00:22:30Z,coin-,1681077439-8069-Windows_10_22H2,0,native,success,0,0
2023-01-03T00:22:40Z,coin-,1681077439-8069-Windows_10_22H2,0,native,success,0,0
2023-01-03T00:22:50Z,coin-,1681077439-8069-Windows_10_22H2,0,native,success,0,0
2023-01-03T00:23:00Z,coin-,1681077439-8069-Windows_10_22H2,0,native,success,0,0
