time,exe,host,pid_count,pid_finder,result,result_code,running
2023-01-17T03:59:40Z,coin-,1681269718-147067-Windows_11_22H2,0,native,success,0,0
2023-01-17T03:59:51Z,coin-,1681269718-147067-Windows_11_22H2,0,native,success,0,0
2023-01-17T04:00:00Z,coin-,1681269718-147067-Windows_11_22H2,0,native,success,0,0
2023-01-17T04:00:10Z,coin-,1681269718-147067-Windows_11_22H2,0,native,success,0,0
2023-01-17T04:00:21Z,coin-,1681269718-147067-Windows_11_22H2,0,native,success,0,0
2023-01-17T04:00:30Z,coin-,1681269718-147067-Windows_11_22H2,0,native,success,0,0
2023-01-17T04:00:41Z,coin-,1681269718-147067-Windows_11_22H2,0,native,success,0,0
2023-01-17T04:00:50Z,coin-,1681269718-147067-Windows_11_22H2,0,native,success,0,0
2023-01-17T04:01:00Z,coin-,1681269718-147067-Windows_11_22H2,0,native,success,0,0
2023-01-17T04:01:10Z,coin-,1681269718-147067-Windows_11_22H2,0,native,success,0,0
2023-01-17T04:01:21Z,coin-,1681269718-147067-Windows_11_22H2,0,native,success,0,0
2023-01-17T04:01:30Z,coin-,1681269718-147067-Windows_11_22H2,0,native,success,0,0
