time,exe,host,pid_count,pid_finder,result,result_code,running
2023-01-11T02:04:30Z,coin-,1681269718-44907-Windows_11_22H2,0,native,success,0,0
2023-01-11T02:04:40Z,coin-,1681269718-44907-Windows_11_22H2,0,native,success,0,0
2023-01-11T02:04:50Z,coin-,1681269718-44907-Windows_11_22H2,0,native,success,0,0
2023-01-11T02:05:01Z,coin-,1681269718-44907-Windows_11_22H2,0,native,success,0,0
2023-01-11T02:05:11Z,coin-,1681269718-44907-Windows_11_22H2,0,native,success,0,0
2023-01-11T02:05:20Z,coin-,1681269718-44907-Windows_11_22H2,0,native,success,0,0
2023-01-11T02:05:31Z,coin-,1681269718-44907-Windows_11_22H2,0,native,success,0,0
2023-01-11T02:05:40Z,coin-,1681269718-44907-Windows_11_22H2,0,native,success,0,0
2023-01-11T02:05:50Z,coin-,1681269718-44907-Windows_11_22H2,0,native,success,0,0
2023-01-11T02:06:00Z,coin-,1681269718-44907-Windows_11_22H2,0,native,success,0,0
2023-01-11T02:06:10Z,coin-,1681269718-44907-Windows_11_22H2,0,native,success,0,0
2023-01-11T02:06:20Z,coin-,1681269718-44907-Windows_11_22H2,0,native,success,0,0
