time,exe,host,pid_count,pid_finder,result,result_code,running
2023-01-03T04:12:20Z,coin-,1681077439-13632-Windows_10_22H2,0,native,success,0,0
2023-01-03T04:12:30Z,coin-,1681077439-13632-Windows_10_22H2,0,native,success,0,0
2023-01-03T04:12:40Z,coin-,1681077439-13632-Windows_10_22H2,0,native,success,0,0
2023-01-03T04:12:50Z,coin-,1681077439-13632-Windows_10_22H2,0,native,success,0,0
2023-01-03T04:13:00Z,coin-,1681077439-13632-Windows_10_22H2,0,native,success,0,0
2023-01-03T04:13:10Z,coin-,1681077439-13632-Windows_10_22H2,0,native,success,0,0
2023-01-03T04:13:20Z,coin-,1681077439-13632-Windows_10_22H2,0,native,success,0,0
2023-01-03T04:13:30Z,coin-,1681077439-13632-Windows_10_22H2,0,native,success,0,0
2023-01-03T04:13:40Z,coin-,1681077439-13632-Windows_10_22H2,0,native,success,0,0
2023-01-03T04:13:50Z,coin-,1681077439-13632-Windows_10_22H2,0,native,success,0,0
2023-01-03T04:14:00Z,coin-,1681077439-13632-Windows_10_22H2,0,native,success,0,0
2023-01-03T04:14:10Z,coin-,1681077439-13632-Windows_10_22H2,0,native,success,0,0
