time,exe,host,pid_count,pid_finder,result,result_code,running
2023-01-10T02:55:10Z,coin-,1681269718-18927-Windows_10_22H2,0,native,success,0,0
2023-01-10T02:55:20Z,coin-,1681269718-18927-Windows_10_22H2,0,native,success,0,0
2023-01-10T02:55:30Z,coin-,1681269718-18927-Windows_10_22H2,0,native,success,0,0
2023-01-10T02:55:40Z,coin-,1681269718-18927-Windows_10_22H2,0,native,success,0,0
2023-01-10T02:55:50Z,coin-,1681269718-18927-Windows_10_22H2,0,native,success,0,0
2023-01-10T02:56:00Z,coin-,1681269718-18927-Windows_10_22H2,0,native,success,0,0
2023-01-10T02:56:10Z,coin-,1681269718-18927-Windows_10_22H2,0,native,success,0,0
2023-01-10T02:56:20Z,coin-,1681269718-18927-Windows_10_22H2,0,native,success,0,0
2023-01-10T02:56:30Z,coin-,1681269718-18927-Windows_10_22H2,0,native,success,0,0
2023-01-10T02:56:40Z,coin-,1681269718-18927-Windows_10_22H2,0,native,success,0,0
2023-01-10T02:56:50Z,coin-,1681269718-18927-Windows_10_22H2,0,native,success,0,0
2023-01-10T02:57:00Z,coin-,1681269718-18927-Windows_10_22H2,0,native,success,0,0
