time,exe,host,pid_count,pid_finder,result,result_code,running
2023-01-17T02:08:40Z,coin-,1681269718-146623-Windows_11_22H2,0,native,success,0,0
2023-01-17T02:08:50Z,coin-,1681269718-146623-Windows_11_22H2,0,native,success,0,0
2023-01-17T02:09:00Z,coin-,1681269718-146623-Windows_11_22H2,0,native,success,0,0
2023-01-17T02:09:10Z,coin-,1681269718-146623-Windows_11_22H2,0,native,success,0,0
2023-01-17T02:09:20Z,coin-,1681269718-146623-Windows_11_22H2,0,native,success,0,0
2023-01-17T02:09:30Z,coin-,1681269718-146623-Windows_11_22H2,0,native,success,0,0
2023-01-17T02:09:41Z,coin-,1681269718-146623-Windows_11_22H2,0,native,success,0,0
2023-01-17T02:09:50Z,coin-,1681269718-146623-Windows_11_22H2,0,native,success,0,0
2023-01-17T02:10:00Z,coin-,1681269718-146623-Windows_11_22H2,0,native,success,0,0
2023-01-17T02:10:10Z,coin-,1681269718-146623-Windows_11_22H2,0,native,success,0,0
2023-01-17T02:10:20Z,coin-,1681269718-146623-Windows_11_22H2,0,native,success,0,0
2023-01-17T02:10:30Z,coin-,1681269718-146623-Windows_11_22H2,0,native,success,0,0
