time,exe,host,pid_count,pid_finder,result,result_code,running
2023-01-12T12:09:11Z,coin-,1681269718-72746-Windows_11_22H2,0,native,success,0,0
2023-01-12T12:09:20Z,coin-,1681269718-72746-Windows_11_22H2,0,native,success,0,0
2023-01-12T12:09:31Z,coin-,1681269718-72746-Windows_11_22H2,0,native,success,0,0
2023-01-12T12:09:42Z,coin-,1681269718-72746-Windows_11_22H2,0,native,success,0,0
2023-01-12T12:09:51Z,coin-,1681269718-72746-Windows_11_22H2,0,native,success,0,0
2023-01-12T12:10:01Z,coin-,1681269718-72746-Windows_11_22H2,0,native,success,0,0
2023-01-12T12:10:11Z,coin-,1681269718-72746-Windows_11_22H2,0,native,success,0,0
2023-01-12T12:10:20Z,coin-,1681269718-72746-Windows_11_22H2,0,native,success,0,0
2023-01-12T12:10:30Z,coin-,1681269718-72746-Windows_11_22H2,0,native,success,0,0
2023-01-12T12:10:40Z,coin-,1681269718-72746-Windows_11_22H2,0,native,success,0,0
2023-01-12T12:10:51Z,coin-,1681269718-72746-Windows_11_22H2,0,native,success,0,0
2023-01-12T12:11:00Z,coin-,1681269718-72746-Windows_11_22H2,0,native,success,0,0
