time,exe,host,pid_count,pid_finder,result,result_code,running
2022-12-31T03:44:20Z,coin-,1680445106-373287-Windows_10_22H2,0,native,success,0,0
2022-12-31T03:44:30Z,coin-,1680445106-373287-Windows_10_22H2,0,native,success,0,0
2022-12-31T03:44:40Z,coin-,1680445106-373287-Windows_10_22H2,0,native,success,0,0
2022-12-31T03:44:50Z,coin-,1680445106-373287-Windows_10_22H2,0,native,success,0,0
2022-12-31T03:45:00Z,coin-,1680445106-373287-Windows_10_22H2,0,native,success,0,0
2022-12-31T03:45:11Z,coin-,1680445106-373287-Windows_10_22H2,0,native,success,0,0
2022-12-31T03:45:20Z,coin-,1680445106-373287-Windows_10_22H2,0,native,success,0,0
2022-12-31T03:45:30Z,coin-,1680445106-373287-Windows_10_22H2,0,native,success,0,0
2022-12-31T03:45:40Z,coin-,1680445106-373287-Windows_10_22H2,0,native,success,0,0
2022-12-31T03:45:50Z,coin-,1680445106-373287-Windows_10_22H2,0,native,success,0,0
2022-12-31T03:46:00Z,coin-,1680445106-373287-Windows_10_22H2,0,native,success,0,0
2022-12-31T03:46:10Z,coin-,1680445106-373287-Windows_10_22H2,0,native,success,0,0
