time,exe,host,pid_count,pid_finder,result,result_code,running
2023-01-11T18:43:50Z,coin-,1681269718-56960-Windows_10_22H2,0,native,success,0,0
2023-01-11T18:44:00Z,coin-,1681269718-56960-Windows_10_22H2,0,native,success,0,0
2023-01-11T18:44:10Z,coin-,1681269718-56960-Windows_10_22H2,0,native,success,0,0
2023-01-11T18:44:20Z,coin-,1681269718-56960-Windows_10_22H2,0,native,success,0,0
2023-01-11T18:44:30Z,coin-,1681269718-56960-Windows_10_22H2,0,native,success,0,0
2023-01-11T18:44:40Z,coin-,1681269718-56960-Windows_10_22H2,0,native,success,0,0
2023-01-11T18:44:50Z,coin-,1681269718-56960-Windows_10_22H2,0,native,success,0,0
2023-01-11T18:45:00Z,coin-,1681269718-56960-Windows_10_22H2,0,native,success,0,0
2023-01-11T18:45:10Z,coin-,1681269718-56960-Windows_10_22H2,0,native,success,0,0
2023-01-11T18:45:20Z,coin-,1681269718-56960-Windows_10_22H2,0,native,success,0,0
2023-01-11T18:45:30Z,coin-,1681269718-56960-Windows_10_22H2,0,native,success,0,0
2023-01-11T18:45:40Z,coin-,1681269718-56960-Windows_10_22H2,0,native,success,0,0
