time,exe,host,pid_count,pid_finder,result,result_code,running
2023-01-08T04:19:30Z,coin-,1681184973-45081-Windows_10_22H2,0,native,success,0,0
2023-01-08T04:19:40Z,coin-,1681184973-45081-Windows_10_22H2,0,native,success,0,0
2023-01-08T04:19:50Z,coin-,1681184973-45081-Windows_10_22H2,0,native,success,0,0
2023-01-08T04:20:00Z,coin-,1681184973-45081-Windows_10_22H2,0,native,success,0,0
2023-01-08T04:20:10Z,coin-,1681184973-45081-Windows_10_22H2,0,native,success,0,0
2023-01-08T04:20:20Z,coin-,1681184973-45081-Windows_10_22H2,0,native,success,0,0
2023-01-08T04:20:30Z,coin-,1681184973-45081-Windows_10_22H2,0,native,success,0,0
2023-01-08T04:20:40Z,coin-,1681184973-45081-Windows_10_22H2,0,native,success,0,0
2023-01-08T04:20:50Z,coin-,1681184973-45081-Windows_10_22H2,0,native,success,0,0
2023-01-08T04:21:00Z,coin-,1681184973-45081-Windows_10_22H2,0,native,success,0,0
2023-01-08T04:21:10Z,coin-,1681184973-45081-Windows_10_22H2,0,native,success,0,0
2023-01-08T04:21:20Z,coin-,1681184973-45081-Windows_10_22H2,0,native,success,0,0
