time,exe,host,pid_count,pid_finder,result,result_code,running
2023-01-12T03:51:20Z,coin-,1681269718-65540-Windows_10_22H2,0,native,success,0,0
2023-01-12T03:51:30Z,coin-,1681269718-65540-Windows_10_22H2,0,native,success,0,0
2023-01-12T03:51:40Z,coin-,1681269718-65540-Windows_10_22H2,0,native,success,0,0
2023-01-12T03:51:50Z,coin-,1681269718-65540-Windows_10_22H2,0,native,success,0,0
2023-01-12T03:52:00Z,coin-,1681269718-65540-Windows_10_22H2,0,native,success,0,0
2023-01-12T03:52:10Z,coin-,1681269718-65540-Windows_10_22H2,0,native,success,0,0
2023-01-12T03:52:21Z,coin-,1681269718-65540-Windows_10_22H2,0,native,success,0,0
2023-01-12T03:52:30Z,coin-,1681269718-65540-Windows_10_22H2,0,native,success,0,0
2023-01-12T03:52:40Z,coin-,1681269718-65540-Windows_10_22H2,0,native,success,0,0
2023-01-12T03:52:50Z,coin-,1681269718-65540-Windows_10_22H2,0,native,success,0,0
2023-01-12T03:53:00Z,coin-,1681269718-65540-Windows_10_22H2,0,native,success,0,0
2023-01-12T03:53:10Z,coin-,1681269718-65540-Windows_10_22H2,0,native,success,0,0
