time,exe,host,pid_count,pid_finder,result,result_code,running
2023-01-02T23:27:50Z,coin-,1681077439-6550-Windows_10_22H2,0,native,success,0,0
2023-01-02T23:28:00Z,coin-,1681077439-6550-Windows_10_22H2,0,native,success,0,0
2023-01-02T23:28:10Z,coin-,1681077439-6550-Windows_10_22H2,0,native,success,0,0
2023-01-02T23:28:20Z,coin-,1681077439-6550-Windows_10_22H2,0,native,success,0,0
2023-01-02T23:28:30Z,coin-,1681077439-6550-Windows_10_22H2,0,native,success,0,0
2023-01-02T23:28:40Z,coin-,1681077439-6550-Windows_10_22H2,0,native,success,0,0
2023-01-02T23:28:50Z,coin-,1681077439-6550-Windows_10_22H2,0,native,success,0,0
2023-01-02T23:29:00Z,coin-,1681077439-6550-Windows_10_22H2,0,native,success,0,0
2023-01-02T23:29:10Z,coin-,1681077439-6550-Windows_10_22H2,0,native,success,0,0
2023-01-02T23:29:20Z,coin-,1681077439-6550-Windows_10_22H2,0,native,success,0,0
2023-01-02T23:29:30Z,coin-,1681077439-6550-Windows_10_22H2,0,native,success,0,0
2023-01-02T23:29:40Z,coin-,1681077439-6550-Windows_10_22H2,0,native,success,0,0
