time,exe,host,pid_count,pid_finder,result,result_code,running
2023-01-12T05:05:30Z,coin-,1681269718-66025-Windows_10_22H2,0,native,success,0,0
2023-01-12T05:05:40Z,coin-,1681269718-66025-Windows_10_22H2,0,native,success,0,0
2023-01-12T05:05:50Z,coin-,1681269718-66025-Windows_10_22H2,0,native,success,0,0
2023-01-12T05:06:00Z,coin-,1681269718-66025-Windows_10_22H2,0,native,success,0,0
2023-01-12T05:06:10Z,coin-,1681269718-66025-Windows_10_22H2,0,native,success,0,0
2023-01-12T05:06:20Z,coin-,1681269718-66025-Windows_10_22H2,0,native,success,0,0
2023-01-12T05:06:30Z,coin-,1681269718-66025-Windows_10_22H2,0,native,success,0,0
2023-01-12T05:06:40Z,coin-,1681269718-66025-Windows_10_22H2,0,native,success,0,0
2023-01-12T05:06:50Z,coin-,1681269718-66025-Windows_10_22H2,0,native,success,0,0
2023-01-12T05:07:00Z,coin-,1681269718-66025-Windows_10_22H2,0,native,success,0,0
2023-01-12T05:07:10Z,coin-,1681269718-66025-Windows_10_22H2,0,native,success,0,0
2023-01-12T05:07:20Z,coin-,1681269718-66025-Windows_10_22H2,0,native,success,0,0
