time,exe,host,pid_count,pid_finder,result,result_code,running
2023-01-16T20:01:40Z,coin-,1681269718-141248-Windows_11_22H2,0,native,success,0,0
2023-01-16T20:01:51Z,coin-,1681269718-141248-Windows_11_22H2,0,native,success,0,0
2023-01-16T20:02:00Z,coin-,1681269718-141248-Windows_11_22H2,0,native,success,0,0
2023-01-16T20:02:11Z,coin-,1681269718-141248-Windows_11_22H2,0,native,success,0,0
2023-01-16T20:02:21Z,coin-,1681269718-141248-Windows_11_22H2,0,native,success,0,0
2023-01-16T20:02:30Z,coin-,1681269718-141248-Windows_11_22H2,0,native,success,0,0
2023-01-16T20:02:41Z,coin-,1681269718-141248-Windows_11_22H2,0,native,success,0,0
2023-01-16T20:02:51Z,coin-,1681269718-141248-Windows_11_22H2,0,native,success,0,0
2023-01-16T20:03:00Z,coin-,1681269718-141248-Windows_11_22H2,0,native,success,0,0
2023-01-16T20:03:10Z,coin-,1681269718-141248-Windows_11_22H2,0,native,success,0,0
2023-01-16T20:03:20Z,coin-,1681269718-141248-Windows_11_22H2,0,native,success,0,0
2023-01-16T20:03:30Z,coin-,1681269718-141248-Windows_11_22H2,0,native,success,0,0
