time,exe,host,pid_count,pid_finder,result,result_code,running
2023-01-02T22:17:20Z,coin-,1681077439-5900-Windows_10_22H2,0,native,success,0,0
2023-01-02T22:17:30Z,coin-,1681077439-5900-Windows_10_22H2,0,native,success,0,0
2023-01-02T22:17:40Z,coin-,1681077439-5900-Windows_10_22H2,0,native,success,0,0
2023-01-02T22:17:50Z,coin-,1681077439-5900-Windows_10_22H2,0,native,success,0,0
2023-01-02T22:18:00Z,coin-,1681077439-5900-Windows_10_22H2,0,native,success,0,0
2023-01-02T22:18:10Z,coin-,1681077439-5900-Windows_10_22H2,0,native,success,0,0
2023-01-02T22:18:20Z,coin-,1681077439-5900-Windows_10_22H2,0,native,success,0,0
2023-01-02T22:18:30Z,coin-,1681077439-5900-Windows_10_22H2,0,native,success,0,0
2023-01-02T22:18:40Z,coin-,1681077439-5900-Windows_10_22H2,0,native,success,0,0
2023-01-02T22:18:50Z,coin-,1681077439-5900-Windows_10_22H2,0,native,success,0,0
2023-01-02T22:19:00Z,coin-,1681077439-5900-Windows_10_22H2,0,native,success,0,0
2023-01-02T22:19:10Z,coin-,1681077439-5900-Windows_10_22H2,0,native,success,0,0
