time,exe,host,pid_count,pid_finder,result,result_code,running
2022-12-31T04:02:30Z,coin-,1680445106-373290-Windows_10_22H2,0,native,success,0,0
2022-12-31T04:02:40Z,coin-,1680445106-373290-Windows_10_22H2,0,native,success,0,0
2022-12-31T04:02:50Z,coin-,1680445106-373290-Windows_10_22H2,0,native,success,0,0
2022-12-31T04:03:00Z,coin-,1680445106-373290-Windows_10_22H2,0,native,success,0,0
2022-12-31T04:03:10Z,coin-,1680445106-373290-Windows_10_22H2,0,native,success,0,0
2022-12-31T04:03:21Z,coin-,1680445106-373290-Windows_10_22H2,0,native,success,0,0
2022-12-31T04:03:30Z,coin-,1680445106-373290-Windows_10_22H2,0,native,success,0,0
2022-12-31T04:03:40Z,coin-,1680445106-373290-Windows_10_22H2,0,native,success,0,0
2022-12-31T04:03:50Z,coin-,1680445106-373290-Windows_10_22H2,0,native,success,0,0
2022-12-31T04:04:00Z,coin-,1680445106-373290-Windows_10_22H2,0,native,success,0,0
2022-12-31T04:04:10Z,coin-,1680445106-373290-Windows_10_22H2,0,native,success,0,0
2022-12-31T04:04:20Z,coin-,1680445106-373290-Windows_10_22H2,0,native,success,0,0
