time,exe,host,pid_count,pid_finder,result,result_code,running
2023-01-10T18:14:30Z,coin-,1681269718-36893-Windows_11_22H2,0,native,success,0,0
2023-01-10T18:14:41Z,coin-,1681269718-36893-Windows_11_22H2,0,native,success,0,0
2023-01-10T18:14:51Z,coin-,1681269718-36893-Windows_11_22H2,0,native,success,0,0
2023-01-10T18:15:01Z,coin-,1681269718-36893-Windows_11_22H2,0,native,success,0,0
2023-01-10T18:15:11Z,coin-,1681269718-36893-Windows_11_22H2,0,native,success,0,0
2023-01-10T18:15:21Z,coin-,1681269718-36893-Windows_11_22H2,0,native,success,0,0
2023-01-10T18:15:30Z,coin-,1681269718-36893-Windows_11_22H2,0,native,success,0,0
2023-01-10T18:15:41Z,coin-,1681269718-36893-Windows_11_22H2,0,native,success,0,0
2023-01-10T18:15:50Z,coin-,1681269718-36893-Windows_11_22H2,0,native,success,0,0
2023-01-10T18:16:00Z,coin-,1681269718-36893-Windows_11_22H2,0,native,success,0,0
2023-01-10T18:16:10Z,coin-,1681269718-36893-Windows_11_22H2,0,native,success,0,0
2023-01-10T18:16:20Z,coin-,1681269718-36893-Windows_11_22H2,0,native,success,0,0
