time,exe,host,pid_count,pid_finder,result,result_code,running
2023-01-16T23:17:10Z,coin-,1681269718-143850-Windows_11_22H2,0,native,success,0,0
2023-01-16T23:17:20Z,coin-,1681269718-143850-Windows_11_22H2,0,native,success,0,0
2023-01-16T23:17:30Z,coin-,1681269718-143850-Windows_11_22H2,0,native,success,0,0
2023-01-16T23:17:40Z,coin-,1681269718-143850-Windows_11_22H2,0,native,success,0,0
2023-01-16T23:17:51Z,coin-,1681269718-143850-Windows_11_22H2,0,native,success,0,0
2023-01-16T23:18:00Z,coin-,1681269718-143850-Windows_11_22H2,0,native,success,0,0
2023-01-16T23:18:11Z,coin-,1681269718-143850-Windows_11_22H2,0,native,success,0,0
2023-01-16T23:18:20Z,coin-,1681269718-143850-Windows_11_22H2,0,native,success,0,0
2023-01-16T23:18:30Z,coin-,1681269718-143850-Windows_11_22H2,0,native,success,0,0
2023-01-16T23:18:40Z,coin-,1681269718-143850-Windows_11_22H2,0,native,success,0,0
2023-01-16T23:18:50Z,coin-,1681269718-143850-Windows_11_22H2,0,native,success,0,0
2023-01-16T23:19:00Z,coin-,1681269718-143850-Windows_11_22H2,0,native,success,0,0
