time,exe,host,pid_count,pid_finder,result,result_code,running
2023-01-17T22:18:40Z,coin-,1681269718-174475-Windows_11_22H2,0,native,success,0,0
2023-01-17T22:18:50Z,coin-,1681269718-174475-Windows_11_22H2,0,native,success,0,0
2023-01-17T22:19:00Z,coin-,1681269718-174475-Windows_11_22H2,0,native,success,0,0
2023-01-17T22:19:10Z,coin-,1681269718-174475-Windows_11_22H2,0,native,success,0,0
2023-01-17T22:19:21Z,coin-,1681269718-174475-Windows_11_22H2,0,native,success,0,0
2023-01-17T22:19:30Z,coin-,1681269718-174475-Windows_11_22H2,0,native,success,0,0
2023-01-17T22:19:40Z,coin-,1681269718-174475-Windows_11_22H2,0,native,success,0,0
2023-01-17T22:19:50Z,coin-,1681269718-174475-Windows_11_22H2,0,native,success,0,0
2023-01-17T22:20:00Z,coin-,1681269718-174475-Windows_11_22H2,0,native,success,0,0
2023-01-17T22:20:10Z,coin-,1681269718-174475-Windows_11_22H2,0,native,success,0,0
2023-01-17T22:20:23Z,coin-,1681269718-174475-Windows_11_22H2,0,native,success,0,0
2023-01-17T22:20:30Z,coin-,1681269718-174475-Windows_11_22H2,0,native,success,0,0
