time,exe,host,pid_count,pid_finder,result,result_code,running
2023-01-11T13:54:11Z,coin-,1681269718-52514-Windows_11_22H2,0,native,success,0,0
2023-01-11T13:54:21Z,coin-,1681269718-52514-Windows_11_22H2,0,native,success,0,0
2023-01-11T13:54:30Z,coin-,1681269718-52514-Windows_11_22H2,0,native,success,0,0
2023-01-11T13:54:41Z,coin-,1681269718-52514-Windows_11_22H2,0,native,success,0,0
2023-01-11T13:54:51Z,coin-,1681269718-52514-Windows_11_22H2,0,native,success,0,0
2023-01-11T13:55:01Z,coin-,1681269718-52514-Windows_11_22H2,0,native,success,0,0
2023-01-11T13:55:11Z,coin-,1681269718-52514-Windows_11_22H2,0,native,success,0,0
2023-01-11T13:55:21Z,coin-,1681269718-52514-Windows_11_22H2,0,native,success,0,0
2023-01-11T13:55:31Z,coin-,1681269718-52514-Windows_11_22H2,0,native,success,0,0
2023-01-11T13:55:40Z,coin-,1681269718-52514-Windows_11_22H2,0,native,success,0,0
2023-01-11T13:55:51Z,coin-,1681269718-52514-Windows_11_22H2,0,native,success,0,0
2023-01-11T13:56:00Z,coin-,1681269718-52514-Windows_11_22H2,0,native,success,0,0
