time,exe,host,pid_count,pid_finder,result,result_code,running
2023-01-12T08:06:10Z,coin-,1681269718-67429-Windows_11_22H2,0,native,success,0,0
2023-01-12T08:06:21Z,coin-,1681269718-67429-Windows_11_22H2,0,native,success,0,0
2023-01-12T08:06:30Z,coin-,1681269718-67429-Windows_11_22H2,0,native,success,0,0
2023-01-12T08:06:41Z,coin-,1681269718-67429-Windows_11_22H2,0,native,success,0,0
2023-01-12T08:06:51Z,coin-,1681269718-67429-Windows_11_22H2,0,native,success,0,0
2023-01-12T08:07:00Z,coin-,1681269718-67429-Windows_11_22H2,0,native,success,0,0
2023-01-12T08:07:11Z,coin-,1681269718-67429-Windows_11_22H2,0,native,success,0,0
2023-01-12T08:07:21Z,coin-,1681269718-67429-Windows_11_22H2,0,native,success,0,0
2023-01-12T08:07:30Z,coin-,1681269718-67429-Windows_11_22H2,0,native,success,0,0
2023-01-12T08:07:40Z,coin-,1681269718-67429-Windows_11_22H2,0,native,success,0,0
2023-01-12T08:07:50Z,coin-,1681269718-67429-Windows_11_22H2,0,native,success,0,0
2023-01-12T08:08:00Z,coin-,1681269718-67429-Windows_11_22H2,0,native,success,0,0
