time,exe,host,pid_count,pid_finder,result,result_code,running
2023-01-03T09:06:30Z,coin-,1681077439-17668-Windows_10_22H2,0,native,success,0,0
2023-01-03T09:06:40Z,coin-,1681077439-17668-Windows_10_22H2,0,native,success,0,0
2023-01-03T09:06:50Z,coin-,1681077439-17668-Windows_10_22H2,0,native,success,0,0
2023-01-03T09:07:00Z,coin-,1681077439-17668-Windows_10_22H2,0,native,success,0,0
2023-01-03T09:07:10Z,coin-,1681077439-17668-Windows_10_22H2,0,native,success,0,0
2023-01-03T09:07:20Z,coin-,1681077439-17668-Windows_10_22H2,0,native,success,0,0
2023-01-03T09:07:30Z,coin-,1681077439-17668-Windows_10_22H2,0,native,success,0,0
2023-01-03T09:07:40Z,coin-,1681077439-17668-Windows_10_22H2,0,native,success,0,0
2023-01-03T09:07:50Z,coin-,1681077439-17668-Windows_10_22H2,0,native,success,0,0
2023-01-03T09:08:00Z,coin-,1681077439-17668-Windows_10_22H2,0,native,success,0,0
2023-01-03T09:08:10Z,coin-,1681077439-17668-Windows_10_22H2,0,native,success,0,0
2023-01-03T09:08:20Z,coin-,1681077439-17668-Windows_10_22H2,0,native,success,0,0
