time,exe,host,pid_count,pid_finder,result,result_code,running
2023-01-01T03:34:00Z,coin-,1680445106-376502-Windows_10_22H2,0,native,success,0,0
2023-01-01T03:34:10Z,coin-,1680445106-376502-Windows_10_22H2,0,native,success,0,0
2023-01-01T03:34:20Z,coin-,1680445106-376502-Windows_10_22H2,0,native,success,0,0
2023-01-01T03:34:30Z,coin-,1680445106-376502-Windows_10_22H2,0,native,success,0,0
2023-01-01T03:34:40Z,coin-,1680445106-376502-Windows_10_22H2,0,native,success,0,0
2023-01-01T03:34:50Z,coin-,1680445106-376502-Windows_10_22H2,0,native,success,0,0
2023-01-01T03:35:00Z,coin-,1680445106-376502-Windows_10_22H2,0,native,success,0,0
2023-01-01T03:35:10Z,coin-,1680445106-376502-Windows_10_22H2,0,native,success,0,0
2023-01-01T03:35:20Z,coin-,1680445106-376502-Windows_10_22H2,0,native,success,0,0
2023-01-01T03:35:30Z,coin-,1680445106-376502-Windows_10_22H2,0,native,success,0,0
2023-01-01T03:35:40Z,coin-,1680445106-376502-Windows_10_22H2,0,native,success,0,0
2023-01-01T03:35:50Z,coin-,1680445106-376502-Windows_10_22H2,0,native,success,0,0
2023-01-01T03:36:00Z,coin-,1680445106-376502-Windows_10_22H2,0,native,success,0,0
