time,exe,host,pid_count,pid_finder,result,result_code,running
2023-01-16T23:25:21Z,coin-,1681269718-144029-Windows_11_22H2,0,native,success,0,0
2023-01-16T23:25:30Z,coin-,1681269718-144029-Windows_11_22H2,0,native,success,0,0
2023-01-16T23:25:42Z,coin-,1681269718-144029-Windows_11_22H2,0,native,success,0,0
2023-01-16T23:25:51Z,coin-,1681269718-144029-Windows_11_22H2,0,native,success,0,0
2023-01-16T23:26:01Z,coin-,1681269718-144029-Windows_11_22H2,0,native,success,0,0
2023-01-16T23:26:11Z,coin-,1681269718-144029-Windows_11_22H2,0,native,success,0,0
2023-01-16T23:26:21Z,coin-,1681269718-144029-Windows_11_22H2,0,native,success,0,0
2023-01-16T23:26:31Z,coin-,1681269718-144029-Windows_11_22H2,0,native,success,0,0
2023-01-16T23:26:40Z,coin-,1681269718-144029-Windows_11_22H2,0,native,success,0,0
2023-01-16T23:26:51Z,coin-,1681269718-144029-Windows_11_22H2,0,native,success,0,0
2023-01-16T23:27:01Z,coin-,1681269718-144029-Windows_11_22H2,0,native,success,0,0
2023-01-16T23:27:11Z,coin-,1681269718-144029-Windows_11_22H2,0,native,success,0,0
