time,exe,host,pid_count,pid_finder,result,result_code,running
2023-01-04T17:51:40Z,coin-,1681077439-62627-Windows_10_22H2,0,native,success,0,0
2023-01-04T17:51:50Z,coin-,1681077439-62627-Windows_10_22H2,0,native,success,0,0
2023-01-04T17:52:00Z,coin-,1681077439-62627-Windows_10_22H2,0,native,success,0,0
2023-01-04T17:52:10Z,coin-,1681077439-62627-Windows_10_22H2,0,native,success,0,0
2023-01-04T17:52:20Z,coin-,1681077439-62627-Windows_10_22H2,0,native,success,0,0
2023-01-04T17:52:30Z,coin-,1681077439-62627-Windows_10_22H2,0,native,success,0,0
2023-01-04T17:52:40Z,coin-,1681077439-62627-Windows_10_22H2,0,native,success,0,0
2023-01-04T17:52:50Z,coin-,1681077439-62627-Windows_10_22H2,0,native,success,0,0
2023-01-04T17:53:00Z,coin-,1681077439-62627-Windows_10_22H2,0,native,success,0,0
2023-01-04T17:53:10Z,coin-,1681077439-62627-Windows_10_22H2,0,native,success,0,0
2023-01-04T17:53:20Z,coin-,1681077439-62627-Windows_10_22H2,0,native,success,0,0
2023-01-04T17:53:30Z,coin-,1681077439-62627-Windows_10_22H2,0,native,success,0,0
