time,exe,host,pid_count,pid_finder,result,result_code,running
2023-01-09T22:14:11Z,coin-,1681269718-12686-Windows_11_22H2,0,native,success,0,0
2023-01-09T22:14:21Z,coin-,1681269718-12686-Windows_11_22H2,0,native,success,0,0
2023-01-09T22:14:31Z,coin-,1681269718-12686-Windows_11_22H2,0,native,success,0,0
2023-01-09T22:14:41Z,coin-,1681269718-12686-Windows_11_22H2,0,native,success,0,0
2023-01-09T22:14:51Z,coin-,1681269718-12686-Windows_11_22H2,0,native,success,0,0
2023-01-09T22:15:01Z,coin-,1681269718-12686-Windows_11_22H2,0,native,success,0,0
2023-01-09T22:15:11Z,coin-,1681269718-12686-Windows_11_22H2,0,native,success,0,0
2023-01-09T22:15:21Z,coin-,1681269718-12686-Windows_11_22H2,0,native,success,0,0
2023-01-09T22:15:31Z,coin-,1681269718-12686-Windows_11_22H2,0,native,success,0,0
2023-01-09T22:15:41Z,coin-,1681269718-12686-Windows_11_22H2,0,native,success,0,0
2023-01-09T22:15:51Z,coin-,1681269718-12686-Windows_11_22H2,0,native,success,0,0
2023-01-09T22:16:00Z,coin-,1681269718-12686-Windows_11_22H2,0,native,success,0,0
