time,exe,host,pid_count,pid_finder,result,result_code,running
2023-01-16T23:50:01Z,coin-,1681269718-144127-Windows_11_22H2,0,native,success,0,0
2023-01-16T23:50:10Z,coin-,1681269718-144127-Windows_11_22H2,0,native,success,0,0
2023-01-16T23:50:21Z,coin-,1681269718-144127-Windows_11_22H2,0,native,success,0,0
2023-01-16T23:50:31Z,coin-,1681269718-144127-Windows_11_22H2,0,native,success,0,0
2023-01-16T23:50:41Z,coin-,1681269718-144127-Windows_11_22H2,0,native,success,0,0
2023-01-16T23:50:51Z,coin-,1681269718-144127-Windows_11_22H2,0,native,success,0,0
2023-01-16T23:51:01Z,coin-,1681269718-144127-Windows_11_22H2,0,native,success,0,0
2023-01-16T23:51:11Z,coin-,1681269718-144127-Windows_11_22H2,0,native,success,0,0
2023-01-16T23:51:21Z,coin-,1681269718-144127-Windows_11_22H2,0,native,success,0,0
2023-01-16T23:51:31Z,coin-,1681269718-144127-Windows_11_22H2,0,native,success,0,0
2023-01-16T23:51:41Z,coin-,1681269718-144127-Windows_11_22H2,0,native,success,0,0
2023-01-16T23:51:50Z,coin-,1681269718-144127-Windows_11_22H2,0,native,success,0,0
