time,exe,host,pid_count,pid_finder,result,result_code,running
2023-01-11T14:13:50Z,coin-,1681269718-53057-Windows_11_22H2,0,native,success,0,0
2023-01-11T14:14:00Z,coin-,1681269718-53057-Windows_11_22H2,0,native,success,0,0
2023-01-11T14:14:10Z,coin-,1681269718-53057-Windows_11_22H2,0,native,success,0,0
2023-01-11T14:14:20Z,coin-,1681269718-53057-Windows_11_22H2,0,native,success,0,0
2023-01-11T14:14:30Z,coin-,1681269718-53057-Windows_11_22H2,0,native,success,0,0
2023-01-11T14:14:41Z,coin-,1681269718-53057-Windows_11_22H2,0,native,success,0,0
2023-01-11T14:14:50Z,coin-,1681269718-53057-Windows_11_22H2,0,native,success,0,0
2023-01-11T14:15:00Z,coin-,1681269718-53057-Windows_11_22H2,0,native,success,0,0
2023-01-11T14:15:10Z,coin-,1681269718-53057-Windows_11_22H2,0,native,success,0,0
2023-01-11T14:15:20Z,coin-,1681269718-53057-Windows_11_22H2,0,native,success,0,0
2023-01-11T14:15:31Z,coin-,1681269718-53057-Windows_11_22H2,0,native,success,0,0
2023-01-11T14:15:42Z,coin-,1681269718-53057-Windows_11_22H2,0,native,success,0,0
