time,exe,host,pid_count,pid_finder,result,result_code,running
2023-01-11T03:37:50Z,coin-,1681269718-45291-Windows_10_22H2,0,native,success,0,0
2023-01-11T03:38:00Z,coin-,1681269718-45291-Windows_10_22H2,0,native,success,0,0
2023-01-11T03:38:10Z,coin-,1681269718-45291-Windows_10_22H2,0,native,success,0,0
2023-01-11T03:38:20Z,coin-,1681269718-45291-Windows_10_22H2,0,native,success,0,0
2023-01-11T03:38:30Z,coin-,1681269718-45291-Windows_10_22H2,0,native,success,0,0
2023-01-11T03:38:40Z,coin-,1681269718-45291-Windows_10_22H2,0,native,success,0,0
2023-01-11T03:38:50Z,coin-,1681269718-45291-Windows_10_22H2,0,native,success,0,0
2023-01-11T03:39:00Z,coin-,1681269718-45291-Windows_10_22H2,0,native,success,0,0
2023-01-11T03:39:10Z,coin-,1681269718-45291-Windows_10_22H2,0,native,success,0,0
2023-01-11T03:39:20Z,coin-,1681269718-45291-Windows_10_22H2,0,native,success,0,0
2023-01-11T03:39:30Z,coin-,1681269718-45291-Windows_10_22H2,0,native,success,0,0
2023-01-11T03:39:40Z,coin-,1681269718-45291-Windows_10_22H2,0,native,success,0,0
