time,exe,host,pid_count,pid_finder,result,result_code,running
2023-01-17T04:44:40Z,coin-,1681269718-148262-Windows_11_22H2,0,native,success,0,0
2023-01-17T04:44:51Z,coin-,1681269718-148262-Windows_11_22H2,0,native,success,0,0
2023-01-17T04:45:01Z,coin-,1681269718-148262-Windows_11_22H2,0,native,success,0,0
2023-01-17T04:45:11Z,coin-,1681269718-148262-Windows_11_22H2,0,native,success,0,0
2023-01-17T04:45:21Z,coin-,1681269718-148262-Windows_11_22H2,0,native,success,0,0
2023-01-17T04:45:31Z,coin-,1681269718-148262-Windows_11_22H2,0,native,success,0,0
2023-01-17T04:45:40Z,coin-,1681269718-148262-Windows_11_22H2,0,native,success,0,0
2023-01-17T04:45:51Z,coin-,1681269718-148262-Windows_11_22H2,0,native,success,0,0
2023-01-17T04:46:00Z,coin-,1681269718-148262-Windows_11_22H2,0,native,success,0,0
2023-01-17T04:46:11Z,coin-,1681269718-148262-Windows_11_22H2,0,native,success,0,0
2023-01-17T04:46:21Z,coin-,1681269718-148262-Windows_11_22H2,0,native,success,0,0
2023-01-17T04:46:31Z,coin-,1681269718-148262-Windows_11_22H2,0,native,success,0,0
