time,exe,host,pid_count,pid_finder,result,result_code,running
2023-01-13T04:33:00Z,coin-,1681269718-89515-Windows_10_22H2,0,native,success,0,0
2023-01-13T04:33:10Z,coin-,1681269718-89515-Windows_10_22H2,0,native,success,0,0
2023-01-13T04:33:20Z,coin-,1681269718-89515-Windows_10_22H2,0,native,success,0,0
2023-01-13T04:33:30Z,coin-,1681269718-89515-Windows_10_22H2,0,native,success,0,0
2023-01-13T04:33:40Z,coin-,1681269718-89515-Windows_10_22H2,0,native,success,0,0
2023-01-13T04:33:50Z,coin-,1681269718-89515-Windows_10_22H2,0,native,success,0,0
2023-01-13T04:34:00Z,coin-,1681269718-89515-Windows_10_22H2,0,native,success,0,0
2023-01-13T04:34:10Z,coin-,1681269718-89515-Windows_10_22H2,0,native,success,0,0
2023-01-13T04:34:20Z,coin-,1681269718-89515-Windows_10_22H2,0,native,success,0,0
2023-01-13T04:34:30Z,coin-,1681269718-89515-Windows_10_22H2,0,native,success,0,0
2023-01-13T04:34:40Z,coin-,1681269718-89515-Windows_10_22H2,0,native,success,0,0
2023-01-13T04:34:50Z,coin-,1681269718-89515-Windows_10_22H2,0,native,success,0,0
