time,exe,host,pid_count,pid_finder,result,result_code,running
2023-01-02T16:39:10Z,coin-,1680445106-397235-Windows_10_22H2,0,native,success,0,0
2023-01-02T16:39:20Z,coin-,1680445106-397235-Windows_10_22H2,0,native,success,0,0
2023-01-02T16:39:30Z,coin-,1680445106-397235-Windows_10_22H2,0,native,success,0,0
2023-01-02T16:39:40Z,coin-,1680445106-397235-Windows_10_22H2,0,native,success,0,0
2023-01-02T16:39:50Z,coin-,1680445106-397235-Windows_10_22H2,0,native,success,0,0
2023-01-02T16:40:00Z,coin-,1680445106-397235-Windows_10_22H2,0,native,success,0,0
2023-01-02T16:40:10Z,coin-,1680445106-397235-Windows_10_22H2,0,native,success,0,0
2023-01-02T16:40:20Z,coin-,1680445106-397235-Windows_10_22H2,0,native,success,0,0
2023-01-02T16:40:31Z,coin-,1680445106-397235-Windows_10_22H2,0,native,success,0,0
2023-01-02T16:40:40Z,coin-,1680445106-397235-Windows_10_22H2,0,native,success,0,0
2023-01-02T16:40:50Z,coin-,1680445106-397235-Windows_10_22H2,0,native,success,0,0
2023-01-02T16:41:00Z,coin-,1680445106-397235-Windows_10_22H2,0,native,success,0,0
