time,exe,host,pid_count,pid_finder,result,result_code,running
2023-01-14T23:57:51Z,coin-,1681269718-118921-Windows_11_22H2,0,native,success,0,0
2023-01-14T23:58:01Z,coin-,1681269718-118921-Windows_11_22H2,0,native,success,0,0
2023-01-14T23:58:11Z,coin-,1681269718-118921-Windows_11_22H2,0,native,success,0,0
2023-01-14T23:58:20Z,coin-,1681269718-118921-Windows_11_22H2,0,native,success,0,0
2023-01-14T23:58:31Z,coin-,1681269718-118921-Windows_11_22H2,0,native,success,0,0
2023-01-14T23:58:41Z,coin-,1681269718-118921-Windows_11_22H2,0,native,success,0,0
2023-01-14T23:58:50Z,coin-,1681269718-118921-Windows_11_22H2,0,native,success,0,0
2023-01-14T23:59:01Z,coin-,1681269718-118921-Windows_11_22H2,0,native,success,0,0
2023-01-14T23:59:10Z,coin-,1681269718-118921-Windows_11_22H2,0,native,success,0,0
2023-01-14T23:59:20Z,coin-,1681269718-118921-Windows_11_22H2,0,native,success,0,0
2023-01-14T23:59:30Z,coin-,1681269718-118921-Windows_11_22H2,0,native,success,0,0
2023-01-14T23:59:40Z,coin-,1681269718-118921-Windows_11_22H2,0,native,success,0,0
