time,exe,host,pid_count,pid_finder,result,result_code,running
2023-01-09T22:00:11Z,coin-,1681269718-12756-Windows_11_22H2,0,native,success,0,0
2023-01-09T22:00:20Z,coin-,1681269718-12756-Windows_11_22H2,0,native,success,0,0
2023-01-09T22:00:30Z,coin-,1681269718-12756-Windows_11_22H2,0,native,success,0,0
2023-01-09T22:00:40Z,coin-,1681269718-12756-Windows_11_22H2,0,native,success,0,0
2023-01-09T22:00:50Z,coin-,1681269718-12756-Windows_11_22H2,0,native,success,0,0
2023-01-09T22:01:00Z,coin-,1681269718-12756-Windows_11_22H2,0,native,success,0,0
2023-01-09T22:01:10Z,coin-,1681269718-12756-Windows_11_22H2,0,native,success,0,0
2023-01-09T22:01:20Z,coin-,1681269718-12756-Windows_11_22H2,0,native,success,0,0
2023-01-09T22:01:30Z,coin-,1681269718-12756-Windows_11_22H2,0,native,success,0,0
2023-01-09T22:01:40Z,coin-,1681269718-12756-Windows_11_22H2,0,native,success,0,0
2023-01-09T22:01:51Z,coin-,1681269718-12756-Windows_11_22H2,0,native,success,0,0
2023-01-09T22:02:02Z,coin-,1681269718-12756-Windows_11_22H2,0,native,success,0,0
