time,exe,host,pid_count,pid_finder,result,result_code,running
2023-01-03T16:55:30Z,coin-,1681077439-31627-Windows_10_22H2,0,native,success,0,0
2023-01-03T16:55:40Z,coin-,1681077439-31627-Windows_10_22H2,0,native,success,0,0
2023-01-03T16:55:50Z,coin-,1681077439-31627-Windows_10_22H2,0,native,success,0,0
2023-01-03T16:56:00Z,coin-,1681077439-31627-Windows_10_22H2,0,native,success,0,0
2023-01-03T16:56:10Z,coin-,1681077439-31627-Windows_10_22H2,0,native,success,0,0
2023-01-03T16:56:20Z,coin-,1681077439-31627-Windows_10_22H2,0,native,success,0,0
2023-01-03T16:56:30Z,coin-,1681077439-31627-Windows_10_22H2,0,native,success,0,0
2023-01-03T16:56:40Z,coin-,1681077439-31627-Windows_10_22H2,0,native,success,0,0
2023-01-03T16:56:50Z,coin-,1681077439-31627-Windows_10_22H2,0,native,success,0,0
2023-01-03T16:57:00Z,coin-,1681077439-31627-Windows_10_22H2,0,native,success,0,0
2023-01-03T16:57:10Z,coin-,1681077439-31627-Windows_10_22H2,0,native,success,0,0
2023-01-03T16:57:21Z,coin-,1681077439-31627-Windows_10_22H2,0,native,success,0,0
