time,exe,host,pid_count,pid_finder,result,result_code,running
2023-01-11T21:08:50Z,coin-,1681269718-58405-Windows_11_22H2,0,native,success,0,0
2023-01-11T21:09:00Z,coin-,1681269718-58405-Windows_11_22H2,0,native,success,0,0
2023-01-11T21:09:10Z,coin-,1681269718-58405-Windows_11_22H2,0,native,success,0,0
2023-01-11T21:09:21Z,coin-,1681269718-58405-Windows_11_22H2,0,native,success,0,0
2023-01-11T21:09:31Z,coin-,1681269718-58405-Windows_11_22H2,0,native,success,0,0
2023-01-11T21:09:40Z,coin-,1681269718-58405-Windows_11_22H2,0,native,success,0,0
2023-01-11T21:09:51Z,coin-,1681269718-58405-Windows_11_22H2,0,native,success,0,0
2023-01-11T21:10:00Z,coin-,1681269718-58405-Windows_11_22H2,0,native,success,0,0
2023-01-11T21:10:10Z,coin-,1681269718-58405-Windows_11_22H2,0,native,success,0,0
2023-01-11T21:10:20Z,coin-,1681269718-58405-Windows_11_22H2,0,native,success,0,0
2023-01-11T21:10:30Z,coin-,1681269718-58405-Windows_11_22H2,0,native,success,0,0
2023-01-11T21:10:40Z,coin-,1681269718-58405-Windows_11_22H2,0,native,success,0,0
