time,exe,host,pid_count,pid_finder,result,result_code,running
2023-01-07T23:24:52Z,coin-,1681184973-43042-Windows_11_22H2,0,native,success,0,0
2023-01-07T23:25:00Z,coin-,1681184973-43042-Windows_11_22H2,0,native,success,0,0
2023-01-07T23:25:11Z,coin-,1681184973-43042-Windows_11_22H2,0,native,success,0,0
2023-01-07T23:25:21Z,coin-,1681184973-43042-Windows_11_22H2,0,native,success,0,0
2023-01-07T23:25:31Z,coin-,1681184973-43042-Windows_11_22H2,0,native,success,0,0
2023-01-07T23:25:41Z,coin-,1681184973-43042-Windows_11_22H2,0,native,success,0,0
2023-01-07T23:25:51Z,coin-,1681184973-43042-Windows_11_22H2,0,native,success,0,0
2023-01-07T23:26:01Z,coin-,1681184973-43042-Windows_11_22H2,0,native,success,0,0
2023-01-07T23:26:10Z,coin-,1681184973-43042-Windows_11_22H2,0,native,success,0,0
2023-01-07T23:26:20Z,coin-,1681184973-43042-Windows_11_22H2,0,native,success,0,0
2023-01-07T23:26:31Z,coin-,1681184973-43042-Windows_11_22H2,0,native,success,0,0
2023-01-07T23:26:40Z,coin-,1681184973-43042-Windows_11_22H2,0,native,success,0,0
