time,exe,host,pid_count,pid_finder,result,result_code,running
2023-01-18T00:45:51Z,coin-,1681269718-178293-Windows_11_22H2,0,native,success,0,0
2023-01-18T00:46:00Z,coin-,1681269718-178293-Windows_11_22H2,0,native,success,0,0
2023-01-18T00:46:10Z,coin-,1681269718-178293-Windows_11_22H2,0,native,success,0,0
2023-01-18T00:46:20Z,coin-,1681269718-178293-Windows_11_22H2,0,native,success,0,0
2023-01-18T00:46:30Z,coin-,1681269718-178293-Windows_11_22H2,0,native,success,0,0
2023-01-18T00:46:40Z,coin-,1681269718-178293-Windows_11_22H2,0,native,success,0,0
2023-01-18T00:46:50Z,coin-,1681269718-178293-Windows_11_22H2,0,native,success,0,0
2023-01-18T00:47:00Z,coin-,1681269718-178293-Windows_11_22H2,0,native,success,0,0
2023-01-18T00:47:10Z,coin-,1681269718-178293-Windows_11_22H2,0,native,success,0,0
2023-01-18T00:47:20Z,coin-,1681269718-178293-Windows_11_22H2,0,native,success,0,0
2023-01-18T00:47:30Z,coin-,1681269718-178293-Windows_11_22H2,0,native,success,0,0
2023-01-18T00:47:40Z,coin-,1681269718-178293-Windows_11_22H2,0,native,success,0,0
2023-01-18T00:47:51Z,coin-,1681269718-178293-Windows_11_22H2,0,native,success,0,0
