time,exe,host,pid_count,pid_finder,result,result_code,running
2023-01-10T12:27:40Z,coin-,1681269718-27704-Windows_11_22H2,0,native,success,0,0
2023-01-10T12:27:51Z,coin-,1681269718-27704-Windows_11_22H2,0,native,success,0,0
2023-01-10T12:28:00Z,coin-,1681269718-27704-Windows_11_22H2,0,native,success,0,0
2023-01-10T12:28:11Z,coin-,1681269718-27704-Windows_11_22H2,0,native,success,0,0
2023-01-10T12:28:21Z,coin-,1681269718-27704-Windows_11_22H2,0,native,success,0,0
2023-01-10T12:28:30Z,coin-,1681269718-27704-Windows_11_22H2,0,native,success,0,0
2023-01-10T12:28:41Z,coin-,1681269718-27704-Windows_11_22H2,0,native,success,0,0
2023-01-10T12:28:51Z,coin-,1681269718-27704-Windows_11_22H2,0,native,success,0,0
2023-01-10T12:29:00Z,coin-,1681269718-27704-Windows_11_22H2,0,native,success,0,0
2023-01-10T12:29:10Z,coin-,1681269718-27704-Windows_11_22H2,0,native,success,0,0
2023-01-10T12:29:20Z,coin-,1681269718-27704-Windows_11_22H2,0,native,success,0,0
2023-01-10T12:29:31Z,coin-,1681269718-27704-Windows_11_22H2,0,native,success,0,0
