time,exe,host,pid_count,pid_finder,result,result_code,running
2023-01-17T05:31:50Z,coin-,1681269718-149063-Windows_11_22H2,0,native,success,0,0
2023-01-17T05:32:01Z,coin-,1681269718-149063-Windows_11_22H2,0,native,success,0,0
2023-01-17T05:32:10Z,coin-,1681269718-149063-Windows_11_22H2,0,native,success,0,0
2023-01-17T05:32:20Z,coin-,1681269718-149063-Windows_11_22H2,0,native,success,0,0
2023-01-17T05:32:31Z,coin-,1681269718-149063-Windows_11_22H2,0,native,success,0,0
2023-01-17T05:32:41Z,coin-,1681269718-149063-Windows_11_22H2,0,native,success,0,0
2023-01-17T05:32:51Z,coin-,1681269718-149063-Windows_11_22H2,0,native,success,0,0
2023-01-17T05:33:00Z,coin-,1681269718-149063-Windows_11_22H2,0,native,success,0,0
2023-01-17T05:33:11Z,coin-,1681269718-149063-Windows_11_22H2,0,native,success,0,0
2023-01-17T05:33:21Z,coin-,1681269718-149063-Windows_11_22H2,0,native,success,0,0
2023-01-17T05:33:30Z,coin-,1681269718-149063-Windows_11_22H2,0,native,success,0,0
2023-01-17T05:33:41Z,coin-,1681269718-149063-Windows_11_22H2,0,native,success,0,0
