time,exe,host,pid_count,pid_finder,result,result_code,running
2023-01-13T17:44:00Z,coin-,1681269718-105492-Windows_10_22H2,0,native,success,0,0
2023-01-13T17:44:10Z,coin-,1681269718-105492-Windows_10_22H2,0,native,success,0,0
2023-01-13T17:44:20Z,coin-,1681269718-105492-Windows_10_22H2,0,native,success,0,0
2023-01-13T17:44:30Z,coin-,1681269718-105492-Windows_10_22H2,0,native,success,0,0
2023-01-13T17:44:40Z,coin-,1681269718-105492-Windows_10_22H2,0,native,success,0,0
2023-01-13T17:44:50Z,coin-,1681269718-105492-Windows_10_22H2,0,native,success,0,0
2023-01-13T17:45:00Z,coin-,1681269718-105492-Windows_10_22H2,0,native,success,0,0
2023-01-13T17:45:10Z,coin-,1681269718-105492-Windows_10_22H2,0,native,success,0,0
2023-01-13T17:45:20Z,coin-,1681269718-105492-Windows_10_22H2,0,native,success,0,0
2023-01-13T17:45:30Z,coin-,1681269718-105492-Windows_10_22H2,0,native,success,0,0
2023-01-13T17:45:40Z,coin-,1681269718-105492-Windows_10_22H2,0,native,success,0,0
2023-01-13T17:45:50Z,coin-,1681269718-105492-Windows_10_22H2,0,native,success,0,0
