time,exe,host,pid_count,pid_finder,result,result_code,running
2023-01-09T19:18:30Z,coin-,1681269718-7502-Windows_11_22H2,0,native,success,0,0
2023-01-09T19:18:40Z,coin-,1681269718-7502-Windows_11_22H2,0,native,success,0,0
2023-01-09T19:18:50Z,coin-,1681269718-7502-Windows_11_22H2,0,native,success,0,0
2023-01-09T19:19:00Z,coin-,1681269718-7502-Windows_11_22H2,0,native,success,0,0
2023-01-09T19:19:10Z,coin-,1681269718-7502-Windows_11_22H2,0,native,success,0,0
2023-01-09T19:19:20Z,coin-,1681269718-7502-Windows_11_22H2,0,native,success,0,0
2023-01-09T19:19:30Z,coin-,1681269718-7502-Windows_11_22H2,0,native,success,0,0
2023-01-09T19:19:40Z,coin-,1681269718-7502-Windows_11_22H2,0,native,success,0,0
2023-01-09T19:19:50Z,coin-,1681269718-7502-Windows_11_22H2,0,native,success,0,0
2023-01-09T19:20:00Z,coin-,1681269718-7502-Windows_11_22H2,0,native,success,0,0
2023-01-09T19:20:10Z,coin-,1681269718-7502-Windows_11_22H2,0,native,success,0,0
2023-01-09T19:20:20Z,coin-,1681269718-7502-Windows_11_22H2,0,native,success,0,0
